2025-11-20 11:58:08,991 [Worker-1: Loading available Gradle versions] INFO  o.e.b.c.i.u.g.PublishedGradleVersions - Gradle version information cache is up-to-date. Trying to read.
2025-11-20 11:59:09,397 [Worker-3: Updating Maven Dependencies] INFO  o.e.m.c.i.l.LifecycleMappingFactory - Using org.maven.ide.eclipse.wtp.WarLifecycleMapping lifecycle mapping for MavenProject: in.co.rays:project_3:0.0.1-SNAPSHOT @ D:\Project-3\Project-3\pom.xml.
2025-11-20 11:59:45,508 [Worker-0: Building workspace] WARN  o.e.m.c.i.embedder.EclipseLogger - Using platform encoding (Cp1252 actually) to copy filtered resources, i.e. build is platform dependent!
2025-11-20 11:59:45,515 [Worker-0: Building workspace] INFO  o.e.m.c.i.embedder.EclipseLogger - Copying 12 resources
2025-11-20 11:59:45,547 [Worker-0: Building workspace] WARN  o.e.m.c.i.embedder.EclipseLogger - Using platform encoding (Cp1252 actually) to copy filtered resources, i.e. build is platform dependent!
2025-11-20 11:59:45,549 [Worker-0: Building workspace] INFO  o.e.m.c.i.embedder.EclipseLogger - skip non existing resourceDirectory D:\Project-3\Project-3\src\test\resources
2025-11-20 11:59:53,004 [Worker-10: Building workspace] WARN  o.e.m.c.i.embedder.EclipseLogger - Using platform encoding (Cp1252 actually) to copy filtered resources, i.e. build is platform dependent!
2025-11-20 11:59:53,015 [Worker-10: Building workspace] INFO  o.e.m.c.i.embedder.EclipseLogger - Copying 12 resources
2025-11-20 11:59:53,017 [Worker-10: Building workspace] WARN  o.e.m.c.i.embedder.EclipseLogger - Using platform encoding (Cp1252 actually) to copy filtered resources, i.e. build is platform dependent!
2025-11-20 11:59:53,020 [Worker-10: Building workspace] INFO  o.e.m.c.i.embedder.EclipseLogger - skip non existing resourceDirectory D:\Project-3\Project-3\src\test\resources
2025-11-20 12:00:10,148 [Worker-0: Updating Maven Project] INFO  o.e.m.c.i.p.ProjectConfigurationManager - Update started
2025-11-20 12:00:10,727 [Worker-0: Updating Maven Project] INFO  o.e.m.c.i.l.LifecycleMappingFactory - Using org.maven.ide.eclipse.wtp.WarLifecycleMapping lifecycle mapping for MavenProject: in.co.rays:project_3:0.0.1-SNAPSHOT @ D:\Project-3\Project-3\pom.xml.
2025-11-20 12:00:11,654 [Worker-0: Updating Maven Project] INFO  o.e.m.j.i.AbstractJavaProjectConfigurator - Adding source folder /Project-3/src/main/java
2025-11-20 12:00:11,654 [Worker-0: Updating Maven Project] INFO  o.e.m.j.i.AbstractJavaProjectConfigurator - Adding resource folder /Project-3/src/main/resources
2025-11-20 12:00:11,658 [Worker-0: Updating Maven Project] INFO  o.e.m.j.i.AbstractJavaProjectConfigurator - Adding source folder /Project-3/src/test/java
2025-11-20 12:00:13,129 [Worker-0: Updating Maven Project] INFO  o.e.m.w.i.f.ResourceFilteringBuildParticipant - Cleaning filtered folder for Project-3
2025-11-20 12:00:13,139 [Worker-0: Updating Maven Project] INFO  o.e.m.c.i.p.ProjectConfigurationManager - Update completed: 2 sec
2025-11-20 12:00:15,281 [Worker-6: Building workspace] WARN  o.e.m.c.i.embedder.EclipseLogger - Using platform encoding (Cp1252 actually) to copy filtered resources, i.e. build is platform dependent!
2025-11-20 12:00:15,283 [Worker-6: Building workspace] INFO  o.e.m.c.i.embedder.EclipseLogger - Copying 12 resources
2025-11-20 12:00:15,308 [Worker-6: Building workspace] WARN  o.e.m.c.i.embedder.EclipseLogger - Using platform encoding (Cp1252 actually) to copy filtered resources, i.e. build is platform dependent!
2025-11-20 12:00:15,310 [Worker-6: Building workspace] INFO  o.e.m.c.i.embedder.EclipseLogger - skip non existing resourceDirectory D:\Project-3\Project-3\src\test\resources
2025-11-20 12:00:15,310 [Worker-6: Building workspace] INFO  o.e.m.w.i.f.ResourceFilteringBuildParticipant - Changed resources require a complete clean of filtered resources of Project-3
2025-11-20 12:00:15,310 [Worker-6: Building workspace] INFO  o.e.m.w.i.f.ResourceFilteringBuildParticipant - Executing resource filtering for Project-3
2025-11-20 12:00:15,319 [Worker-6: Building workspace] WARN  o.e.m.c.i.embedder.EclipseLogger - Using platform encoding (Cp1252 actually) to copy filtered resources, i.e. build is platform dependent!
2025-11-20 12:04:20,932 [Worker-5: Building workspace] WARN  o.e.m.c.i.embedder.EclipseLogger - Using platform encoding (Cp1252 actually) to copy filtered resources, i.e. build is platform dependent!
2025-11-20 12:04:20,979 [Worker-5: Building workspace] INFO  o.e.m.c.i.embedder.EclipseLogger - Copying 1 resource
2025-11-20 12:04:20,981 [Worker-5: Building workspace] WARN  o.e.m.c.i.embedder.EclipseLogger - Using platform encoding (Cp1252 actually) to copy filtered resources, i.e. build is platform dependent!
2025-11-20 12:04:20,981 [Worker-5: Building workspace] INFO  o.e.m.c.i.embedder.EclipseLogger - skip non existing resourceDirectory D:\Project-3\Project-3\src\test\resources
2025-11-20 12:07:04,599 [Worker-7: Building workspace] WARN  o.e.m.c.i.embedder.EclipseLogger - Using platform encoding (Cp1252 actually) to copy filtered resources, i.e. build is platform dependent!
2025-11-20 12:07:04,615 [Worker-7: Building workspace] INFO  o.e.m.c.i.embedder.EclipseLogger - Copying 1 resource
2025-11-20 12:07:04,619 [Worker-7: Building workspace] WARN  o.e.m.c.i.embedder.EclipseLogger - Using platform encoding (Cp1252 actually) to copy filtered resources, i.e. build is platform dependent!
2025-11-20 12:07:04,619 [Worker-7: Building workspace] INFO  o.e.m.c.i.embedder.EclipseLogger - skip non existing resourceDirectory D:\Project-3\Project-3\src\test\resources
2025-11-20 12:12:21,080 [Worker-7: Building workspace] WARN  o.e.m.c.i.embedder.EclipseLogger - Using platform encoding (Cp1252 actually) to copy filtered resources, i.e. build is platform dependent!
2025-11-20 12:12:21,080 [Worker-7: Building workspace] INFO  o.e.m.c.i.embedder.EclipseLogger - Copying 1 resource
2025-11-20 12:12:21,080 [Worker-7: Building workspace] WARN  o.e.m.c.i.embedder.EclipseLogger - Using platform encoding (Cp1252 actually) to copy filtered resources, i.e. build is platform dependent!
2025-11-20 12:12:21,080 [Worker-7: Building workspace] INFO  o.e.m.c.i.embedder.EclipseLogger - skip non existing resourceDirectory D:\Project-3\Project-3\src\test\resources
2025-11-20 12:24:28,997 [Worker-7: Building workspace] WARN  o.e.m.c.i.embedder.EclipseLogger - Using platform encoding (Cp1252 actually) to copy filtered resources, i.e. build is platform dependent!
2025-11-20 12:24:28,999 [Worker-7: Building workspace] INFO  o.e.m.c.i.embedder.EclipseLogger - Copying 1 resource
2025-11-20 12:24:29,005 [Worker-7: Building workspace] WARN  o.e.m.c.i.embedder.EclipseLogger - Using platform encoding (Cp1252 actually) to copy filtered resources, i.e. build is platform dependent!
2025-11-20 12:24:29,005 [Worker-7: Building workspace] INFO  o.e.m.c.i.embedder.EclipseLogger - skip non existing resourceDirectory D:\Project-3\Project-3\src\test\resources
2025-11-20 12:38:49,276 [Worker-19: Building workspace] WARN  o.e.m.c.i.embedder.EclipseLogger - Using platform encoding (Cp1252 actually) to copy filtered resources, i.e. build is platform dependent!
2025-11-20 12:38:49,281 [Worker-19: Building workspace] INFO  o.e.m.c.i.embedder.EclipseLogger - Copying 12 resources
2025-11-20 12:38:49,281 [Worker-19: Building workspace] WARN  o.e.m.c.i.embedder.EclipseLogger - Using platform encoding (Cp1252 actually) to copy filtered resources, i.e. build is platform dependent!
2025-11-20 12:38:49,281 [Worker-19: Building workspace] INFO  o.e.m.c.i.embedder.EclipseLogger - skip non existing resourceDirectory D:\Project-3\Project-3\src\test\resources
2025-11-20 12:41:00,953 [Worker-22: Building workspace] WARN  o.e.m.c.i.embedder.EclipseLogger - Using platform encoding (Cp1252 actually) to copy filtered resources, i.e. build is platform dependent!
2025-11-20 12:41:00,953 [Worker-22: Building workspace] INFO  o.e.m.c.i.embedder.EclipseLogger - Copying 12 resources
2025-11-20 12:41:00,969 [Worker-22: Building workspace] WARN  o.e.m.c.i.embedder.EclipseLogger - Using platform encoding (Cp1252 actually) to copy filtered resources, i.e. build is platform dependent!
2025-11-20 12:41:00,969 [Worker-22: Building workspace] INFO  o.e.m.c.i.embedder.EclipseLogger - skip non existing resourceDirectory D:\Project-3\Project-3\src\test\resources
2025-11-20 12:53:09,210 [Worker-23: Building workspace] WARN  o.e.m.c.i.embedder.EclipseLogger - Using platform encoding (Cp1252 actually) to copy filtered resources, i.e. build is platform dependent!
2025-11-20 12:53:09,210 [Worker-23: Building workspace] INFO  o.e.m.c.i.embedder.EclipseLogger - Copying 12 resources
2025-11-20 12:53:09,228 [Worker-23: Building workspace] WARN  o.e.m.c.i.embedder.EclipseLogger - Using platform encoding (Cp1252 actually) to copy filtered resources, i.e. build is platform dependent!
2025-11-20 12:53:09,230 [Worker-23: Building workspace] INFO  o.e.m.c.i.embedder.EclipseLogger - skip non existing resourceDirectory D:\Project-3\Project-3\src\test\resources
2025-11-20 12:53:39,414 [Worker-19: Building workspace] WARN  o.e.m.c.i.embedder.EclipseLogger - Using platform encoding (Cp1252 actually) to copy filtered resources, i.e. build is platform dependent!
2025-11-20 12:53:39,416 [Worker-19: Building workspace] INFO  o.e.m.c.i.embedder.EclipseLogger - Copying 12 resources
2025-11-20 12:53:39,418 [Worker-19: Building workspace] WARN  o.e.m.c.i.embedder.EclipseLogger - Using platform encoding (Cp1252 actually) to copy filtered resources, i.e. build is platform dependent!
2025-11-20 12:53:39,418 [Worker-19: Building workspace] INFO  o.e.m.c.i.embedder.EclipseLogger - skip non existing resourceDirectory D:\Project-3\Project-3\src\test\resources
2025-11-20 23:16:21,118 [Worker-32: Launching UserModelTest] WARN  o.e.m.c.i.embedder.EclipseLogger - Using platform encoding (Cp1252 actually) to copy filtered resources, i.e. build is platform dependent!
2025-11-20 23:16:21,118 [Worker-32: Launching UserModelTest] INFO  o.e.m.c.i.embedder.EclipseLogger - Copying 12 resources
2025-11-20 23:16:21,130 [Worker-32: Launching UserModelTest] WARN  o.e.m.c.i.embedder.EclipseLogger - Using platform encoding (Cp1252 actually) to copy filtered resources, i.e. build is platform dependent!
2025-11-20 23:16:21,130 [Worker-32: Launching UserModelTest] INFO  o.e.m.c.i.embedder.EclipseLogger - skip non existing resourceDirectory D:\Project-3\Project-3\src\test\resources
2025-11-20 23:20:38,446 [Worker-41: Building workspace] WARN  o.e.m.c.i.embedder.EclipseLogger - Using platform encoding (Cp1252 actually) to copy filtered resources, i.e. build is platform dependent!
2025-11-20 23:20:38,448 [Worker-41: Building workspace] INFO  o.e.m.c.i.embedder.EclipseLogger - Copying 0 resource
2025-11-20 23:20:38,452 [Worker-41: Building workspace] WARN  o.e.m.c.i.embedder.EclipseLogger - Using platform encoding (Cp1252 actually) to copy filtered resources, i.e. build is platform dependent!
2025-11-20 23:20:38,453 [Worker-41: Building workspace] INFO  o.e.m.c.i.embedder.EclipseLogger - skip non existing resourceDirectory D:\Project-3\Project-3\src\test\resources
2025-11-20 23:21:39,881 [Worker-39: Building workspace] WARN  o.e.m.c.i.embedder.EclipseLogger - Using platform encoding (Cp1252 actually) to copy filtered resources, i.e. build is platform dependent!
2025-11-20 23:21:39,893 [Worker-39: Building workspace] INFO  o.e.m.c.i.embedder.EclipseLogger - Copying 12 resources
2025-11-20 23:21:39,897 [Worker-39: Building workspace] WARN  o.e.m.c.i.embedder.EclipseLogger - Using platform encoding (Cp1252 actually) to copy filtered resources, i.e. build is platform dependent!
2025-11-20 23:21:39,899 [Worker-39: Building workspace] INFO  o.e.m.c.i.embedder.EclipseLogger - skip non existing resourceDirectory D:\Project-3\Project-3\src\test\resources
2025-11-20 23:23:52,839 [Worker-41: Building workspace] WARN  o.e.m.c.i.embedder.EclipseLogger - Using platform encoding (Cp1252 actually) to copy filtered resources, i.e. build is platform dependent!
2025-11-20 23:23:52,839 [Worker-41: Building workspace] INFO  o.e.m.c.i.embedder.EclipseLogger - Copying 1 resource
2025-11-20 23:23:52,843 [Worker-41: Building workspace] WARN  o.e.m.c.i.embedder.EclipseLogger - Using platform encoding (Cp1252 actually) to copy filtered resources, i.e. build is platform dependent!
2025-11-20 23:23:52,843 [Worker-41: Building workspace] INFO  o.e.m.c.i.embedder.EclipseLogger - skip non existing resourceDirectory D:\Project-3\Project-3\src\test\resources
2025-11-20 23:31:12,615 [Worker-43: Building workspace] WARN  o.e.m.c.i.embedder.EclipseLogger - Using platform encoding (Cp1252 actually) to copy filtered resources, i.e. build is platform dependent!
2025-11-20 23:31:12,615 [Worker-43: Building workspace] INFO  o.e.m.c.i.embedder.EclipseLogger - Copying 12 resources
2025-11-20 23:31:12,619 [Worker-43: Building workspace] WARN  o.e.m.c.i.embedder.EclipseLogger - Using platform encoding (Cp1252 actually) to copy filtered resources, i.e. build is platform dependent!
2025-11-20 23:31:12,619 [Worker-43: Building workspace] INFO  o.e.m.c.i.embedder.EclipseLogger - skip non existing resourceDirectory D:\Project-3\Project-3\src\test\resources
2025-11-20 23:31:18,207 [Worker-40: Building workspace] WARN  o.e.m.c.i.embedder.EclipseLogger - Using platform encoding (Cp1252 actually) to copy filtered resources, i.e. build is platform dependent!
2025-11-20 23:31:18,207 [Worker-40: Building workspace] INFO  o.e.m.c.i.embedder.EclipseLogger - Copying 12 resources
2025-11-20 23:31:18,213 [Worker-40: Building workspace] WARN  o.e.m.c.i.embedder.EclipseLogger - Using platform encoding (Cp1252 actually) to copy filtered resources, i.e. build is platform dependent!
2025-11-20 23:31:18,215 [Worker-40: Building workspace] INFO  o.e.m.c.i.embedder.EclipseLogger - skip non existing resourceDirectory D:\Project-3\Project-3\src\test\resources
2025-11-20 23:31:26,782 [Worker-41: Building workspace] WARN  o.e.m.c.i.embedder.EclipseLogger - Using platform encoding (Cp1252 actually) to copy filtered resources, i.e. build is platform dependent!
2025-11-20 23:31:26,789 [Worker-41: Building workspace] INFO  o.e.m.c.i.embedder.EclipseLogger - Copying 12 resources
2025-11-20 23:31:26,791 [Worker-41: Building workspace] WARN  o.e.m.c.i.embedder.EclipseLogger - Using platform encoding (Cp1252 actually) to copy filtered resources, i.e. build is platform dependent!
2025-11-20 23:31:26,791 [Worker-41: Building workspace] INFO  o.e.m.c.i.embedder.EclipseLogger - skip non existing resourceDirectory D:\Project-3\Project-3\src\test\resources
2025-11-20 23:31:32,529 [Worker-41: Building workspace] WARN  o.e.m.c.i.embedder.EclipseLogger - Using platform encoding (Cp1252 actually) to copy filtered resources, i.e. build is platform dependent!
2025-11-20 23:31:32,547 [Worker-41: Building workspace] INFO  o.e.m.c.i.embedder.EclipseLogger - Copying 12 resources
2025-11-20 23:31:32,549 [Worker-41: Building workspace] WARN  o.e.m.c.i.embedder.EclipseLogger - Using platform encoding (Cp1252 actually) to copy filtered resources, i.e. build is platform dependent!
2025-11-20 23:31:32,549 [Worker-41: Building workspace] INFO  o.e.m.c.i.embedder.EclipseLogger - skip non existing resourceDirectory D:\Project-3\Project-3\src\test\resources
2025-11-20 23:32:03,989 [Worker-41: Building workspace] WARN  o.e.m.c.i.embedder.EclipseLogger - Using platform encoding (Cp1252 actually) to copy filtered resources, i.e. build is platform dependent!
2025-11-20 23:32:03,991 [Worker-41: Building workspace] INFO  o.e.m.c.i.embedder.EclipseLogger - Copying 12 resources
2025-11-20 23:32:03,991 [Worker-41: Building workspace] WARN  o.e.m.c.i.embedder.EclipseLogger - Using platform encoding (Cp1252 actually) to copy filtered resources, i.e. build is platform dependent!
2025-11-20 23:32:03,991 [Worker-41: Building workspace] INFO  o.e.m.c.i.embedder.EclipseLogger - skip non existing resourceDirectory D:\Project-3\Project-3\src\test\resources
2025-11-20 23:32:08,933 [Worker-43: Building workspace] WARN  o.e.m.c.i.embedder.EclipseLogger - Using platform encoding (Cp1252 actually) to copy filtered resources, i.e. build is platform dependent!
2025-11-20 23:32:08,935 [Worker-43: Building workspace] INFO  o.e.m.c.i.embedder.EclipseLogger - Copying 12 resources
2025-11-20 23:32:08,938 [Worker-43: Building workspace] WARN  o.e.m.c.i.embedder.EclipseLogger - Using platform encoding (Cp1252 actually) to copy filtered resources, i.e. build is platform dependent!
2025-11-20 23:32:08,940 [Worker-43: Building workspace] INFO  o.e.m.c.i.embedder.EclipseLogger - skip non existing resourceDirectory D:\Project-3\Project-3\src\test\resources
2025-11-20 23:32:14,582 [Worker-41: Building workspace] WARN  o.e.m.c.i.embedder.EclipseLogger - Using platform encoding (Cp1252 actually) to copy filtered resources, i.e. build is platform dependent!
2025-11-20 23:32:14,597 [Worker-41: Building workspace] INFO  o.e.m.c.i.embedder.EclipseLogger - Copying 12 resources
2025-11-20 23:32:14,601 [Worker-41: Building workspace] WARN  o.e.m.c.i.embedder.EclipseLogger - Using platform encoding (Cp1252 actually) to copy filtered resources, i.e. build is platform dependent!
2025-11-20 23:32:14,603 [Worker-41: Building workspace] INFO  o.e.m.c.i.embedder.EclipseLogger - skip non existing resourceDirectory D:\Project-3\Project-3\src\test\resources
2025-11-20 23:32:19,902 [Worker-40: Building workspace] WARN  o.e.m.c.i.embedder.EclipseLogger - Using platform encoding (Cp1252 actually) to copy filtered resources, i.e. build is platform dependent!
2025-11-20 23:32:19,905 [Worker-40: Building workspace] INFO  o.e.m.c.i.embedder.EclipseLogger - Copying 12 resources
2025-11-20 23:32:19,908 [Worker-40: Building workspace] WARN  o.e.m.c.i.embedder.EclipseLogger - Using platform encoding (Cp1252 actually) to copy filtered resources, i.e. build is platform dependent!
2025-11-20 23:32:19,910 [Worker-40: Building workspace] INFO  o.e.m.c.i.embedder.EclipseLogger - skip non existing resourceDirectory D:\Project-3\Project-3\src\test\resources
2025-11-20 23:32:25,522 [Worker-39: Building workspace] WARN  o.e.m.c.i.embedder.EclipseLogger - Using platform encoding (Cp1252 actually) to copy filtered resources, i.e. build is platform dependent!
2025-11-20 23:32:25,522 [Worker-39: Building workspace] INFO  o.e.m.c.i.embedder.EclipseLogger - Copying 12 resources
2025-11-20 23:32:25,522 [Worker-39: Building workspace] WARN  o.e.m.c.i.embedder.EclipseLogger - Using platform encoding (Cp1252 actually) to copy filtered resources, i.e. build is platform dependent!
2025-11-20 23:32:25,522 [Worker-39: Building workspace] INFO  o.e.m.c.i.embedder.EclipseLogger - skip non existing resourceDirectory D:\Project-3\Project-3\src\test\resources
2025-11-20 23:32:32,110 [Worker-39: Building workspace] WARN  o.e.m.c.i.embedder.EclipseLogger - Using platform encoding (Cp1252 actually) to copy filtered resources, i.e. build is platform dependent!
2025-11-20 23:32:32,113 [Worker-39: Building workspace] INFO  o.e.m.c.i.embedder.EclipseLogger - Copying 12 resources
2025-11-20 23:32:32,116 [Worker-39: Building workspace] WARN  o.e.m.c.i.embedder.EclipseLogger - Using platform encoding (Cp1252 actually) to copy filtered resources, i.e. build is platform dependent!
2025-11-20 23:32:32,118 [Worker-39: Building workspace] INFO  o.e.m.c.i.embedder.EclipseLogger - skip non existing resourceDirectory D:\Project-3\Project-3\src\test\resources
2025-11-20 23:32:37,260 [Worker-43: Building workspace] WARN  o.e.m.c.i.embedder.EclipseLogger - Using platform encoding (Cp1252 actually) to copy filtered resources, i.e. build is platform dependent!
2025-11-20 23:32:37,260 [Worker-43: Building workspace] INFO  o.e.m.c.i.embedder.EclipseLogger - Copying 12 resources
2025-11-20 23:32:37,260 [Worker-43: Building workspace] WARN  o.e.m.c.i.embedder.EclipseLogger - Using platform encoding (Cp1252 actually) to copy filtered resources, i.e. build is platform dependent!
2025-11-20 23:32:37,268 [Worker-43: Building workspace] INFO  o.e.m.c.i.embedder.EclipseLogger - skip non existing resourceDirectory D:\Project-3\Project-3\src\test\resources
2025-11-20 23:32:43,134 [Worker-39: Building workspace] WARN  o.e.m.c.i.embedder.EclipseLogger - Using platform encoding (Cp1252 actually) to copy filtered resources, i.e. build is platform dependent!
2025-11-20 23:32:43,140 [Worker-39: Building workspace] INFO  o.e.m.c.i.embedder.EclipseLogger - Copying 12 resources
2025-11-20 23:32:43,140 [Worker-39: Building workspace] WARN  o.e.m.c.i.embedder.EclipseLogger - Using platform encoding (Cp1252 actually) to copy filtered resources, i.e. build is platform dependent!
2025-11-20 23:32:43,140 [Worker-39: Building workspace] INFO  o.e.m.c.i.embedder.EclipseLogger - skip non existing resourceDirectory D:\Project-3\Project-3\src\test\resources
2025-11-20 23:32:48,230 [Worker-41: Building workspace] WARN  o.e.m.c.i.embedder.EclipseLogger - Using platform encoding (Cp1252 actually) to copy filtered resources, i.e. build is platform dependent!
2025-11-20 23:32:48,230 [Worker-41: Building workspace] INFO  o.e.m.c.i.embedder.EclipseLogger - Copying 12 resources
2025-11-20 23:32:48,230 [Worker-41: Building workspace] WARN  o.e.m.c.i.embedder.EclipseLogger - Using platform encoding (Cp1252 actually) to copy filtered resources, i.e. build is platform dependent!
2025-11-20 23:32:48,245 [Worker-41: Building workspace] INFO  o.e.m.c.i.embedder.EclipseLogger - skip non existing resourceDirectory D:\Project-3\Project-3\src\test\resources
2025-11-20 23:32:52,841 [Worker-44: Building workspace] WARN  o.e.m.c.i.embedder.EclipseLogger - Using platform encoding (Cp1252 actually) to copy filtered resources, i.e. build is platform dependent!
2025-11-20 23:32:52,841 [Worker-44: Building workspace] INFO  o.e.m.c.i.embedder.EclipseLogger - Copying 12 resources
2025-11-20 23:32:52,841 [Worker-44: Building workspace] WARN  o.e.m.c.i.embedder.EclipseLogger - Using platform encoding (Cp1252 actually) to copy filtered resources, i.e. build is platform dependent!
2025-11-20 23:32:52,857 [Worker-44: Building workspace] INFO  o.e.m.c.i.embedder.EclipseLogger - skip non existing resourceDirectory D:\Project-3\Project-3\src\test\resources
2025-11-20 23:32:57,299 [Worker-45: Building workspace] WARN  o.e.m.c.i.embedder.EclipseLogger - Using platform encoding (Cp1252 actually) to copy filtered resources, i.e. build is platform dependent!
2025-11-20 23:32:57,301 [Worker-45: Building workspace] INFO  o.e.m.c.i.embedder.EclipseLogger - Copying 12 resources
2025-11-20 23:32:57,305 [Worker-45: Building workspace] WARN  o.e.m.c.i.embedder.EclipseLogger - Using platform encoding (Cp1252 actually) to copy filtered resources, i.e. build is platform dependent!
2025-11-20 23:32:57,307 [Worker-45: Building workspace] INFO  o.e.m.c.i.embedder.EclipseLogger - skip non existing resourceDirectory D:\Project-3\Project-3\src\test\resources
2025-11-20 23:33:02,658 [Worker-44: Building workspace] WARN  o.e.m.c.i.embedder.EclipseLogger - Using platform encoding (Cp1252 actually) to copy filtered resources, i.e. build is platform dependent!
2025-11-20 23:33:02,658 [Worker-44: Building workspace] INFO  o.e.m.c.i.embedder.EclipseLogger - Copying 12 resources
2025-11-20 23:33:02,671 [Worker-44: Building workspace] WARN  o.e.m.c.i.embedder.EclipseLogger - Using platform encoding (Cp1252 actually) to copy filtered resources, i.e. build is platform dependent!
2025-11-20 23:33:02,674 [Worker-44: Building workspace] INFO  o.e.m.c.i.embedder.EclipseLogger - skip non existing resourceDirectory D:\Project-3\Project-3\src\test\resources
2025-11-20 23:33:08,459 [Worker-44: Building workspace] WARN  o.e.m.c.i.embedder.EclipseLogger - Using platform encoding (Cp1252 actually) to copy filtered resources, i.e. build is platform dependent!
2025-11-20 23:33:08,459 [Worker-44: Building workspace] INFO  o.e.m.c.i.embedder.EclipseLogger - Copying 12 resources
2025-11-20 23:33:08,459 [Worker-44: Building workspace] WARN  o.e.m.c.i.embedder.EclipseLogger - Using platform encoding (Cp1252 actually) to copy filtered resources, i.e. build is platform dependent!
2025-11-20 23:33:08,459 [Worker-44: Building workspace] INFO  o.e.m.c.i.embedder.EclipseLogger - skip non existing resourceDirectory D:\Project-3\Project-3\src\test\resources
2025-11-20 23:33:14,687 [Worker-44: Building workspace] WARN  o.e.m.c.i.embedder.EclipseLogger - Using platform encoding (Cp1252 actually) to copy filtered resources, i.e. build is platform dependent!
2025-11-20 23:33:14,690 [Worker-44: Building workspace] INFO  o.e.m.c.i.embedder.EclipseLogger - Copying 12 resources
2025-11-20 23:33:14,693 [Worker-44: Building workspace] WARN  o.e.m.c.i.embedder.EclipseLogger - Using platform encoding (Cp1252 actually) to copy filtered resources, i.e. build is platform dependent!
2025-11-20 23:33:14,695 [Worker-44: Building workspace] INFO  o.e.m.c.i.embedder.EclipseLogger - skip non existing resourceDirectory D:\Project-3\Project-3\src\test\resources
2025-11-20 23:33:19,961 [Worker-40: Building workspace] WARN  o.e.m.c.i.embedder.EclipseLogger - Using platform encoding (Cp1252 actually) to copy filtered resources, i.e. build is platform dependent!
2025-11-20 23:33:19,961 [Worker-40: Building workspace] INFO  o.e.m.c.i.embedder.EclipseLogger - Copying 12 resources
2025-11-20 23:33:19,961 [Worker-40: Building workspace] WARN  o.e.m.c.i.embedder.EclipseLogger - Using platform encoding (Cp1252 actually) to copy filtered resources, i.e. build is platform dependent!
2025-11-20 23:33:19,974 [Worker-40: Building workspace] INFO  o.e.m.c.i.embedder.EclipseLogger - skip non existing resourceDirectory D:\Project-3\Project-3\src\test\resources
2025-11-20 23:33:33,366 [Worker-41: Building workspace] WARN  o.e.m.c.i.embedder.EclipseLogger - Using platform encoding (Cp1252 actually) to copy filtered resources, i.e. build is platform dependent!
2025-11-20 23:33:33,370 [Worker-41: Building workspace] INFO  o.e.m.c.i.embedder.EclipseLogger - Copying 12 resources
2025-11-20 23:33:33,372 [Worker-41: Building workspace] WARN  o.e.m.c.i.embedder.EclipseLogger - Using platform encoding (Cp1252 actually) to copy filtered resources, i.e. build is platform dependent!
2025-11-20 23:33:33,374 [Worker-41: Building workspace] INFO  o.e.m.c.i.embedder.EclipseLogger - skip non existing resourceDirectory D:\Project-3\Project-3\src\test\resources
2025-11-20 23:33:37,907 [Worker-44: Building workspace] WARN  o.e.m.c.i.embedder.EclipseLogger - Using platform encoding (Cp1252 actually) to copy filtered resources, i.e. build is platform dependent!
2025-11-20 23:33:37,909 [Worker-44: Building workspace] INFO  o.e.m.c.i.embedder.EclipseLogger - Copying 12 resources
2025-11-20 23:33:37,911 [Worker-44: Building workspace] WARN  o.e.m.c.i.embedder.EclipseLogger - Using platform encoding (Cp1252 actually) to copy filtered resources, i.e. build is platform dependent!
2025-11-20 23:33:37,911 [Worker-44: Building workspace] INFO  o.e.m.c.i.embedder.EclipseLogger - skip non existing resourceDirectory D:\Project-3\Project-3\src\test\resources
2025-11-20 23:33:43,160 [Worker-44: Building workspace] WARN  o.e.m.c.i.embedder.EclipseLogger - Using platform encoding (Cp1252 actually) to copy filtered resources, i.e. build is platform dependent!
2025-11-20 23:33:43,161 [Worker-44: Building workspace] INFO  o.e.m.c.i.embedder.EclipseLogger - Copying 12 resources
2025-11-20 23:33:43,164 [Worker-44: Building workspace] WARN  o.e.m.c.i.embedder.EclipseLogger - Using platform encoding (Cp1252 actually) to copy filtered resources, i.e. build is platform dependent!
2025-11-20 23:33:43,164 [Worker-44: Building workspace] INFO  o.e.m.c.i.embedder.EclipseLogger - skip non existing resourceDirectory D:\Project-3\Project-3\src\test\resources
2025-11-20 23:33:49,824 [Worker-45: Building workspace] WARN  o.e.m.c.i.embedder.EclipseLogger - Using platform encoding (Cp1252 actually) to copy filtered resources, i.e. build is platform dependent!
2025-11-20 23:33:49,830 [Worker-45: Building workspace] INFO  o.e.m.c.i.embedder.EclipseLogger - Copying 12 resources
2025-11-20 23:33:49,834 [Worker-45: Building workspace] WARN  o.e.m.c.i.embedder.EclipseLogger - Using platform encoding (Cp1252 actually) to copy filtered resources, i.e. build is platform dependent!
2025-11-20 23:33:49,836 [Worker-45: Building workspace] INFO  o.e.m.c.i.embedder.EclipseLogger - skip non existing resourceDirectory D:\Project-3\Project-3\src\test\resources
2025-11-20 23:33:54,958 [Worker-39: Building workspace] WARN  o.e.m.c.i.embedder.EclipseLogger - Using platform encoding (Cp1252 actually) to copy filtered resources, i.e. build is platform dependent!
2025-11-20 23:33:54,968 [Worker-39: Building workspace] INFO  o.e.m.c.i.embedder.EclipseLogger - Copying 12 resources
2025-11-20 23:33:54,972 [Worker-39: Building workspace] WARN  o.e.m.c.i.embedder.EclipseLogger - Using platform encoding (Cp1252 actually) to copy filtered resources, i.e. build is platform dependent!
2025-11-20 23:33:54,974 [Worker-39: Building workspace] INFO  o.e.m.c.i.embedder.EclipseLogger - skip non existing resourceDirectory D:\Project-3\Project-3\src\test\resources
2025-11-20 23:33:59,618 [Worker-39: Building workspace] WARN  o.e.m.c.i.embedder.EclipseLogger - Using platform encoding (Cp1252 actually) to copy filtered resources, i.e. build is platform dependent!
2025-11-20 23:33:59,618 [Worker-39: Building workspace] INFO  o.e.m.c.i.embedder.EclipseLogger - Copying 12 resources
2025-11-20 23:33:59,618 [Worker-39: Building workspace] WARN  o.e.m.c.i.embedder.EclipseLogger - Using platform encoding (Cp1252 actually) to copy filtered resources, i.e. build is platform dependent!
2025-11-20 23:33:59,634 [Worker-39: Building workspace] INFO  o.e.m.c.i.embedder.EclipseLogger - skip non existing resourceDirectory D:\Project-3\Project-3\src\test\resources
2025-11-20 23:34:04,567 [Worker-45: Building workspace] WARN  o.e.m.c.i.embedder.EclipseLogger - Using platform encoding (Cp1252 actually) to copy filtered resources, i.e. build is platform dependent!
2025-11-20 23:34:04,567 [Worker-45: Building workspace] INFO  o.e.m.c.i.embedder.EclipseLogger - Copying 12 resources
2025-11-20 23:34:04,581 [Worker-45: Building workspace] WARN  o.e.m.c.i.embedder.EclipseLogger - Using platform encoding (Cp1252 actually) to copy filtered resources, i.e. build is platform dependent!
2025-11-20 23:34:04,581 [Worker-45: Building workspace] INFO  o.e.m.c.i.embedder.EclipseLogger - skip non existing resourceDirectory D:\Project-3\Project-3\src\test\resources
2025-11-20 23:34:08,969 [Worker-29: Building workspace] WARN  o.e.m.c.i.embedder.EclipseLogger - Using platform encoding (Cp1252 actually) to copy filtered resources, i.e. build is platform dependent!
2025-11-20 23:34:08,969 [Worker-29: Building workspace] INFO  o.e.m.c.i.embedder.EclipseLogger - Copying 12 resources
2025-11-20 23:34:08,969 [Worker-29: Building workspace] WARN  o.e.m.c.i.embedder.EclipseLogger - Using platform encoding (Cp1252 actually) to copy filtered resources, i.e. build is platform dependent!
2025-11-20 23:34:08,969 [Worker-29: Building workspace] INFO  o.e.m.c.i.embedder.EclipseLogger - skip non existing resourceDirectory D:\Project-3\Project-3\src\test\resources
2025-11-20 23:34:13,754 [Worker-44: Building workspace] WARN  o.e.m.c.i.embedder.EclipseLogger - Using platform encoding (Cp1252 actually) to copy filtered resources, i.e. build is platform dependent!
2025-11-20 23:34:13,773 [Worker-44: Building workspace] INFO  o.e.m.c.i.embedder.EclipseLogger - Copying 12 resources
2025-11-20 23:34:13,773 [Worker-44: Building workspace] WARN  o.e.m.c.i.embedder.EclipseLogger - Using platform encoding (Cp1252 actually) to copy filtered resources, i.e. build is platform dependent!
2025-11-20 23:34:13,773 [Worker-44: Building workspace] INFO  o.e.m.c.i.embedder.EclipseLogger - skip non existing resourceDirectory D:\Project-3\Project-3\src\test\resources
2025-11-20 23:34:18,198 [Worker-44: Building workspace] WARN  o.e.m.c.i.embedder.EclipseLogger - Using platform encoding (Cp1252 actually) to copy filtered resources, i.e. build is platform dependent!
2025-11-20 23:34:18,198 [Worker-44: Building workspace] INFO  o.e.m.c.i.embedder.EclipseLogger - Copying 12 resources
2025-11-20 23:34:18,206 [Worker-44: Building workspace] WARN  o.e.m.c.i.embedder.EclipseLogger - Using platform encoding (Cp1252 actually) to copy filtered resources, i.e. build is platform dependent!
2025-11-20 23:34:18,206 [Worker-44: Building workspace] INFO  o.e.m.c.i.embedder.EclipseLogger - skip non existing resourceDirectory D:\Project-3\Project-3\src\test\resources
2025-11-20 23:34:22,877 [Worker-43: Building workspace] WARN  o.e.m.c.i.embedder.EclipseLogger - Using platform encoding (Cp1252 actually) to copy filtered resources, i.e. build is platform dependent!
2025-11-20 23:34:22,881 [Worker-43: Building workspace] INFO  o.e.m.c.i.embedder.EclipseLogger - Copying 12 resources
2025-11-20 23:34:22,885 [Worker-43: Building workspace] WARN  o.e.m.c.i.embedder.EclipseLogger - Using platform encoding (Cp1252 actually) to copy filtered resources, i.e. build is platform dependent!
2025-11-20 23:34:22,885 [Worker-43: Building workspace] INFO  o.e.m.c.i.embedder.EclipseLogger - skip non existing resourceDirectory D:\Project-3\Project-3\src\test\resources
2025-11-20 23:34:27,676 [Worker-29: Building workspace] WARN  o.e.m.c.i.embedder.EclipseLogger - Using platform encoding (Cp1252 actually) to copy filtered resources, i.e. build is platform dependent!
2025-11-20 23:34:27,676 [Worker-29: Building workspace] INFO  o.e.m.c.i.embedder.EclipseLogger - Copying 12 resources
2025-11-20 23:34:27,682 [Worker-29: Building workspace] WARN  o.e.m.c.i.embedder.EclipseLogger - Using platform encoding (Cp1252 actually) to copy filtered resources, i.e. build is platform dependent!
2025-11-20 23:34:27,682 [Worker-29: Building workspace] INFO  o.e.m.c.i.embedder.EclipseLogger - skip non existing resourceDirectory D:\Project-3\Project-3\src\test\resources
2025-11-20 23:34:44,167 [Worker-44: Building workspace] WARN  o.e.m.c.i.embedder.EclipseLogger - Using platform encoding (Cp1252 actually) to copy filtered resources, i.e. build is platform dependent!
2025-11-20 23:34:44,167 [Worker-44: Building workspace] INFO  o.e.m.c.i.embedder.EclipseLogger - Copying 12 resources
2025-11-20 23:34:44,167 [Worker-44: Building workspace] WARN  o.e.m.c.i.embedder.EclipseLogger - Using platform encoding (Cp1252 actually) to copy filtered resources, i.e. build is platform dependent!
2025-11-20 23:34:44,183 [Worker-44: Building workspace] INFO  o.e.m.c.i.embedder.EclipseLogger - skip non existing resourceDirectory D:\Project-3\Project-3\src\test\resources
2025-11-20 23:34:49,665 [Worker-29: Building workspace] WARN  o.e.m.c.i.embedder.EclipseLogger - Using platform encoding (Cp1252 actually) to copy filtered resources, i.e. build is platform dependent!
2025-11-20 23:34:49,674 [Worker-29: Building workspace] INFO  o.e.m.c.i.embedder.EclipseLogger - Copying 12 resources
2025-11-20 23:34:49,674 [Worker-29: Building workspace] WARN  o.e.m.c.i.embedder.EclipseLogger - Using platform encoding (Cp1252 actually) to copy filtered resources, i.e. build is platform dependent!
2025-11-20 23:34:49,679 [Worker-29: Building workspace] INFO  o.e.m.c.i.embedder.EclipseLogger - skip non existing resourceDirectory D:\Project-3\Project-3\src\test\resources
2025-11-20 23:34:54,917 [Worker-39: Building workspace] WARN  o.e.m.c.i.embedder.EclipseLogger - Using platform encoding (Cp1252 actually) to copy filtered resources, i.e. build is platform dependent!
2025-11-20 23:34:54,917 [Worker-39: Building workspace] INFO  o.e.m.c.i.embedder.EclipseLogger - Copying 12 resources
2025-11-20 23:34:54,924 [Worker-39: Building workspace] WARN  o.e.m.c.i.embedder.EclipseLogger - Using platform encoding (Cp1252 actually) to copy filtered resources, i.e. build is platform dependent!
2025-11-20 23:34:54,926 [Worker-39: Building workspace] INFO  o.e.m.c.i.embedder.EclipseLogger - skip non existing resourceDirectory D:\Project-3\Project-3\src\test\resources
2025-11-20 23:35:09,658 [Worker-29: Building workspace] WARN  o.e.m.c.i.embedder.EclipseLogger - Using platform encoding (Cp1252 actually) to copy filtered resources, i.e. build is platform dependent!
2025-11-20 23:35:09,674 [Worker-29: Building workspace] INFO  o.e.m.c.i.embedder.EclipseLogger - Copying 12 resources
2025-11-20 23:35:09,678 [Worker-29: Building workspace] WARN  o.e.m.c.i.embedder.EclipseLogger - Using platform encoding (Cp1252 actually) to copy filtered resources, i.e. build is platform dependent!
2025-11-20 23:35:09,680 [Worker-29: Building workspace] INFO  o.e.m.c.i.embedder.EclipseLogger - skip non existing resourceDirectory D:\Project-3\Project-3\src\test\resources
2025-11-20 23:35:13,948 [Worker-29: Building workspace] WARN  o.e.m.c.i.embedder.EclipseLogger - Using platform encoding (Cp1252 actually) to copy filtered resources, i.e. build is platform dependent!
2025-11-20 23:35:13,950 [Worker-29: Building workspace] INFO  o.e.m.c.i.embedder.EclipseLogger - Copying 12 resources
2025-11-20 23:35:13,954 [Worker-29: Building workspace] WARN  o.e.m.c.i.embedder.EclipseLogger - Using platform encoding (Cp1252 actually) to copy filtered resources, i.e. build is platform dependent!
2025-11-20 23:35:13,956 [Worker-29: Building workspace] INFO  o.e.m.c.i.embedder.EclipseLogger - skip non existing resourceDirectory D:\Project-3\Project-3\src\test\resources
2025-11-20 23:35:18,673 [Worker-41: Building workspace] WARN  o.e.m.c.i.embedder.EclipseLogger - Using platform encoding (Cp1252 actually) to copy filtered resources, i.e. build is platform dependent!
2025-11-20 23:35:18,678 [Worker-41: Building workspace] INFO  o.e.m.c.i.embedder.EclipseLogger - Copying 12 resources
2025-11-20 23:35:18,682 [Worker-41: Building workspace] WARN  o.e.m.c.i.embedder.EclipseLogger - Using platform encoding (Cp1252 actually) to copy filtered resources, i.e. build is platform dependent!
2025-11-20 23:35:18,682 [Worker-41: Building workspace] INFO  o.e.m.c.i.embedder.EclipseLogger - skip non existing resourceDirectory D:\Project-3\Project-3\src\test\resources
2025-11-20 23:35:25,864 [Worker-44: Building workspace] WARN  o.e.m.c.i.embedder.EclipseLogger - Using platform encoding (Cp1252 actually) to copy filtered resources, i.e. build is platform dependent!
2025-11-20 23:35:25,864 [Worker-44: Building workspace] INFO  o.e.m.c.i.embedder.EclipseLogger - Copying 12 resources
2025-11-20 23:35:25,864 [Worker-44: Building workspace] WARN  o.e.m.c.i.embedder.EclipseLogger - Using platform encoding (Cp1252 actually) to copy filtered resources, i.e. build is platform dependent!
2025-11-20 23:35:25,864 [Worker-44: Building workspace] INFO  o.e.m.c.i.embedder.EclipseLogger - skip non existing resourceDirectory D:\Project-3\Project-3\src\test\resources
2025-11-20 23:35:30,207 [Worker-45: Building workspace] WARN  o.e.m.c.i.embedder.EclipseLogger - Using platform encoding (Cp1252 actually) to copy filtered resources, i.e. build is platform dependent!
2025-11-20 23:35:30,222 [Worker-45: Building workspace] INFO  o.e.m.c.i.embedder.EclipseLogger - Copying 12 resources
2025-11-20 23:35:30,222 [Worker-45: Building workspace] WARN  o.e.m.c.i.embedder.EclipseLogger - Using platform encoding (Cp1252 actually) to copy filtered resources, i.e. build is platform dependent!
2025-11-20 23:35:30,222 [Worker-45: Building workspace] INFO  o.e.m.c.i.embedder.EclipseLogger - skip non existing resourceDirectory D:\Project-3\Project-3\src\test\resources
2025-11-20 23:35:34,485 [Worker-43: Building workspace] WARN  o.e.m.c.i.embedder.EclipseLogger - Using platform encoding (Cp1252 actually) to copy filtered resources, i.e. build is platform dependent!
2025-11-20 23:35:34,489 [Worker-43: Building workspace] INFO  o.e.m.c.i.embedder.EclipseLogger - Copying 12 resources
2025-11-20 23:35:34,493 [Worker-43: Building workspace] WARN  o.e.m.c.i.embedder.EclipseLogger - Using platform encoding (Cp1252 actually) to copy filtered resources, i.e. build is platform dependent!
2025-11-20 23:35:34,493 [Worker-43: Building workspace] INFO  o.e.m.c.i.embedder.EclipseLogger - skip non existing resourceDirectory D:\Project-3\Project-3\src\test\resources
2025-11-20 23:35:38,861 [Worker-40: Building workspace] WARN  o.e.m.c.i.embedder.EclipseLogger - Using platform encoding (Cp1252 actually) to copy filtered resources, i.e. build is platform dependent!
2025-11-20 23:35:38,861 [Worker-40: Building workspace] INFO  o.e.m.c.i.embedder.EclipseLogger - Copying 12 resources
2025-11-20 23:35:38,874 [Worker-40: Building workspace] WARN  o.e.m.c.i.embedder.EclipseLogger - Using platform encoding (Cp1252 actually) to copy filtered resources, i.e. build is platform dependent!
2025-11-20 23:35:38,874 [Worker-40: Building workspace] INFO  o.e.m.c.i.embedder.EclipseLogger - skip non existing resourceDirectory D:\Project-3\Project-3\src\test\resources
2025-11-20 23:35:42,754 [Worker-40: Building workspace] WARN  o.e.m.c.i.embedder.EclipseLogger - Using platform encoding (Cp1252 actually) to copy filtered resources, i.e. build is platform dependent!
2025-11-20 23:35:42,754 [Worker-40: Building workspace] INFO  o.e.m.c.i.embedder.EclipseLogger - Copying 12 resources
2025-11-20 23:35:42,754 [Worker-40: Building workspace] WARN  o.e.m.c.i.embedder.EclipseLogger - Using platform encoding (Cp1252 actually) to copy filtered resources, i.e. build is platform dependent!
2025-11-20 23:35:42,754 [Worker-40: Building workspace] INFO  o.e.m.c.i.embedder.EclipseLogger - skip non existing resourceDirectory D:\Project-3\Project-3\src\test\resources
2025-11-20 23:35:53,611 [Worker-29: Building workspace] WARN  o.e.m.c.i.embedder.EclipseLogger - Using platform encoding (Cp1252 actually) to copy filtered resources, i.e. build is platform dependent!
2025-11-20 23:35:53,627 [Worker-29: Building workspace] INFO  o.e.m.c.i.embedder.EclipseLogger - Copying 12 resources
2025-11-20 23:35:53,631 [Worker-29: Building workspace] WARN  o.e.m.c.i.embedder.EclipseLogger - Using platform encoding (Cp1252 actually) to copy filtered resources, i.e. build is platform dependent!
2025-11-20 23:35:53,631 [Worker-29: Building workspace] INFO  o.e.m.c.i.embedder.EclipseLogger - skip non existing resourceDirectory D:\Project-3\Project-3\src\test\resources
2025-11-20 23:35:58,804 [Worker-45: Building workspace] WARN  o.e.m.c.i.embedder.EclipseLogger - Using platform encoding (Cp1252 actually) to copy filtered resources, i.e. build is platform dependent!
2025-11-20 23:35:58,819 [Worker-45: Building workspace] INFO  o.e.m.c.i.embedder.EclipseLogger - Copying 12 resources
2025-11-20 23:35:58,821 [Worker-45: Building workspace] WARN  o.e.m.c.i.embedder.EclipseLogger - Using platform encoding (Cp1252 actually) to copy filtered resources, i.e. build is platform dependent!
2025-11-20 23:35:58,824 [Worker-45: Building workspace] INFO  o.e.m.c.i.embedder.EclipseLogger - skip non existing resourceDirectory D:\Project-3\Project-3\src\test\resources
2025-11-20 23:36:02,425 [Worker-40: Building workspace] WARN  o.e.m.c.i.embedder.EclipseLogger - Using platform encoding (Cp1252 actually) to copy filtered resources, i.e. build is platform dependent!
2025-11-20 23:36:02,433 [Worker-40: Building workspace] INFO  o.e.m.c.i.embedder.EclipseLogger - Copying 12 resources
2025-11-20 23:36:02,435 [Worker-40: Building workspace] WARN  o.e.m.c.i.embedder.EclipseLogger - Using platform encoding (Cp1252 actually) to copy filtered resources, i.e. build is platform dependent!
2025-11-20 23:36:02,435 [Worker-40: Building workspace] INFO  o.e.m.c.i.embedder.EclipseLogger - skip non existing resourceDirectory D:\Project-3\Project-3\src\test\resources
2025-11-20 23:36:07,294 [Worker-44: Building workspace] WARN  o.e.m.c.i.embedder.EclipseLogger - Using platform encoding (Cp1252 actually) to copy filtered resources, i.e. build is platform dependent!
2025-11-20 23:36:07,300 [Worker-44: Building workspace] INFO  o.e.m.c.i.embedder.EclipseLogger - Copying 12 resources
2025-11-20 23:36:07,302 [Worker-44: Building workspace] WARN  o.e.m.c.i.embedder.EclipseLogger - Using platform encoding (Cp1252 actually) to copy filtered resources, i.e. build is platform dependent!
2025-11-20 23:36:07,304 [Worker-44: Building workspace] INFO  o.e.m.c.i.embedder.EclipseLogger - skip non existing resourceDirectory D:\Project-3\Project-3\src\test\resources
2025-11-20 23:36:55,911 [Worker-46: Building workspace] WARN  o.e.m.c.i.embedder.EclipseLogger - Using platform encoding (Cp1252 actually) to copy filtered resources, i.e. build is platform dependent!
2025-11-20 23:36:55,913 [Worker-46: Building workspace] INFO  o.e.m.c.i.embedder.EclipseLogger - Copying 12 resources
2025-11-20 23:36:55,915 [Worker-46: Building workspace] WARN  o.e.m.c.i.embedder.EclipseLogger - Using platform encoding (Cp1252 actually) to copy filtered resources, i.e. build is platform dependent!
2025-11-20 23:36:55,915 [Worker-46: Building workspace] INFO  o.e.m.c.i.embedder.EclipseLogger - skip non existing resourceDirectory D:\Project-3\Project-3\src\test\resources
2025-11-20 23:37:02,491 [Worker-44: Building workspace] WARN  o.e.m.c.i.embedder.EclipseLogger - Using platform encoding (Cp1252 actually) to copy filtered resources, i.e. build is platform dependent!
2025-11-20 23:37:02,494 [Worker-44: Building workspace] INFO  o.e.m.c.i.embedder.EclipseLogger - Copying 12 resources
2025-11-20 23:37:02,500 [Worker-44: Building workspace] WARN  o.e.m.c.i.embedder.EclipseLogger - Using platform encoding (Cp1252 actually) to copy filtered resources, i.e. build is platform dependent!
2025-11-20 23:37:02,502 [Worker-44: Building workspace] INFO  o.e.m.c.i.embedder.EclipseLogger - skip non existing resourceDirectory D:\Project-3\Project-3\src\test\resources
2025-11-20 23:37:08,299 [Worker-44: Building workspace] WARN  o.e.m.c.i.embedder.EclipseLogger - Using platform encoding (Cp1252 actually) to copy filtered resources, i.e. build is platform dependent!
2025-11-20 23:37:08,302 [Worker-44: Building workspace] INFO  o.e.m.c.i.embedder.EclipseLogger - Copying 12 resources
2025-11-20 23:37:08,307 [Worker-44: Building workspace] WARN  o.e.m.c.i.embedder.EclipseLogger - Using platform encoding (Cp1252 actually) to copy filtered resources, i.e. build is platform dependent!
2025-11-20 23:37:08,308 [Worker-44: Building workspace] INFO  o.e.m.c.i.embedder.EclipseLogger - skip non existing resourceDirectory D:\Project-3\Project-3\src\test\resources
2025-11-20 23:37:12,675 [Worker-39: Building workspace] WARN  o.e.m.c.i.embedder.EclipseLogger - Using platform encoding (Cp1252 actually) to copy filtered resources, i.e. build is platform dependent!
2025-11-20 23:37:12,679 [Worker-39: Building workspace] INFO  o.e.m.c.i.embedder.EclipseLogger - Copying 12 resources
2025-11-20 23:37:12,681 [Worker-39: Building workspace] WARN  o.e.m.c.i.embedder.EclipseLogger - Using platform encoding (Cp1252 actually) to copy filtered resources, i.e. build is platform dependent!
2025-11-20 23:37:12,681 [Worker-39: Building workspace] INFO  o.e.m.c.i.embedder.EclipseLogger - skip non existing resourceDirectory D:\Project-3\Project-3\src\test\resources
2025-11-20 23:37:18,803 [Worker-41: Building workspace] WARN  o.e.m.c.i.embedder.EclipseLogger - Using platform encoding (Cp1252 actually) to copy filtered resources, i.e. build is platform dependent!
2025-11-20 23:37:18,803 [Worker-41: Building workspace] INFO  o.e.m.c.i.embedder.EclipseLogger - Copying 12 resources
2025-11-20 23:37:18,810 [Worker-41: Building workspace] WARN  o.e.m.c.i.embedder.EclipseLogger - Using platform encoding (Cp1252 actually) to copy filtered resources, i.e. build is platform dependent!
2025-11-20 23:37:18,816 [Worker-41: Building workspace] INFO  o.e.m.c.i.embedder.EclipseLogger - skip non existing resourceDirectory D:\Project-3\Project-3\src\test\resources
2025-11-20 23:37:23,267 [Worker-41: Building workspace] WARN  o.e.m.c.i.embedder.EclipseLogger - Using platform encoding (Cp1252 actually) to copy filtered resources, i.e. build is platform dependent!
2025-11-20 23:37:23,270 [Worker-41: Building workspace] INFO  o.e.m.c.i.embedder.EclipseLogger - Copying 12 resources
2025-11-20 23:37:23,277 [Worker-41: Building workspace] WARN  o.e.m.c.i.embedder.EclipseLogger - Using platform encoding (Cp1252 actually) to copy filtered resources, i.e. build is platform dependent!
2025-11-20 23:37:23,279 [Worker-41: Building workspace] INFO  o.e.m.c.i.embedder.EclipseLogger - skip non existing resourceDirectory D:\Project-3\Project-3\src\test\resources
2025-11-20 23:37:27,507 [Worker-44: Building workspace] WARN  o.e.m.c.i.embedder.EclipseLogger - Using platform encoding (Cp1252 actually) to copy filtered resources, i.e. build is platform dependent!
2025-11-20 23:37:27,511 [Worker-44: Building workspace] INFO  o.e.m.c.i.embedder.EclipseLogger - Copying 12 resources
2025-11-20 23:37:27,516 [Worker-44: Building workspace] WARN  o.e.m.c.i.embedder.EclipseLogger - Using platform encoding (Cp1252 actually) to copy filtered resources, i.e. build is platform dependent!
2025-11-20 23:37:27,517 [Worker-44: Building workspace] INFO  o.e.m.c.i.embedder.EclipseLogger - skip non existing resourceDirectory D:\Project-3\Project-3\src\test\resources
2025-11-20 23:37:34,068 [Worker-41: Building workspace] WARN  o.e.m.c.i.embedder.EclipseLogger - Using platform encoding (Cp1252 actually) to copy filtered resources, i.e. build is platform dependent!
2025-11-20 23:37:34,070 [Worker-41: Building workspace] INFO  o.e.m.c.i.embedder.EclipseLogger - Copying 12 resources
2025-11-20 23:37:34,072 [Worker-41: Building workspace] WARN  o.e.m.c.i.embedder.EclipseLogger - Using platform encoding (Cp1252 actually) to copy filtered resources, i.e. build is platform dependent!
2025-11-20 23:37:34,072 [Worker-41: Building workspace] INFO  o.e.m.c.i.embedder.EclipseLogger - skip non existing resourceDirectory D:\Project-3\Project-3\src\test\resources
2025-11-20 23:37:38,806 [Worker-45: Building workspace] WARN  o.e.m.c.i.embedder.EclipseLogger - Using platform encoding (Cp1252 actually) to copy filtered resources, i.e. build is platform dependent!
2025-11-20 23:37:38,811 [Worker-45: Building workspace] INFO  o.e.m.c.i.embedder.EclipseLogger - Copying 12 resources
2025-11-20 23:37:38,815 [Worker-45: Building workspace] WARN  o.e.m.c.i.embedder.EclipseLogger - Using platform encoding (Cp1252 actually) to copy filtered resources, i.e. build is platform dependent!
2025-11-20 23:37:38,817 [Worker-45: Building workspace] INFO  o.e.m.c.i.embedder.EclipseLogger - skip non existing resourceDirectory D:\Project-3\Project-3\src\test\resources
2025-11-20 23:37:43,018 [Worker-29: Building workspace] WARN  o.e.m.c.i.embedder.EclipseLogger - Using platform encoding (Cp1252 actually) to copy filtered resources, i.e. build is platform dependent!
2025-11-20 23:37:43,018 [Worker-29: Building workspace] INFO  o.e.m.c.i.embedder.EclipseLogger - Copying 12 resources
2025-11-20 23:37:43,018 [Worker-29: Building workspace] WARN  o.e.m.c.i.embedder.EclipseLogger - Using platform encoding (Cp1252 actually) to copy filtered resources, i.e. build is platform dependent!
2025-11-20 23:37:43,018 [Worker-29: Building workspace] INFO  o.e.m.c.i.embedder.EclipseLogger - skip non existing resourceDirectory D:\Project-3\Project-3\src\test\resources
2025-11-20 23:37:47,633 [Worker-44: Building workspace] WARN  o.e.m.c.i.embedder.EclipseLogger - Using platform encoding (Cp1252 actually) to copy filtered resources, i.e. build is platform dependent!
2025-11-20 23:37:47,636 [Worker-44: Building workspace] INFO  o.e.m.c.i.embedder.EclipseLogger - Copying 12 resources
2025-11-20 23:37:47,638 [Worker-44: Building workspace] WARN  o.e.m.c.i.embedder.EclipseLogger - Using platform encoding (Cp1252 actually) to copy filtered resources, i.e. build is platform dependent!
2025-11-20 23:37:47,638 [Worker-44: Building workspace] INFO  o.e.m.c.i.embedder.EclipseLogger - skip non existing resourceDirectory D:\Project-3\Project-3\src\test\resources
2025-11-20 23:38:54,033 [Worker-46: Building workspace] WARN  o.e.m.c.i.embedder.EclipseLogger - Using platform encoding (Cp1252 actually) to copy filtered resources, i.e. build is platform dependent!
2025-11-20 23:38:54,033 [Worker-46: Building workspace] INFO  o.e.m.c.i.embedder.EclipseLogger - Copying 12 resources
2025-11-20 23:38:54,033 [Worker-46: Building workspace] WARN  o.e.m.c.i.embedder.EclipseLogger - Using platform encoding (Cp1252 actually) to copy filtered resources, i.e. build is platform dependent!
2025-11-20 23:38:54,033 [Worker-46: Building workspace] INFO  o.e.m.c.i.embedder.EclipseLogger - skip non existing resourceDirectory D:\Project-3\Project-3\src\test\resources
2025-11-20 23:39:06,224 [Worker-48: Building workspace] WARN  o.e.m.c.i.embedder.EclipseLogger - Using platform encoding (Cp1252 actually) to copy filtered resources, i.e. build is platform dependent!
2025-11-20 23:39:06,237 [Worker-48: Building workspace] INFO  o.e.m.c.i.embedder.EclipseLogger - Copying 12 resources
2025-11-20 23:39:06,237 [Worker-48: Building workspace] WARN  o.e.m.c.i.embedder.EclipseLogger - Using platform encoding (Cp1252 actually) to copy filtered resources, i.e. build is platform dependent!
2025-11-20 23:39:06,237 [Worker-48: Building workspace] INFO  o.e.m.c.i.embedder.EclipseLogger - skip non existing resourceDirectory D:\Project-3\Project-3\src\test\resources
2025-11-20 23:39:10,791 [Worker-46: Building workspace] WARN  o.e.m.c.i.embedder.EclipseLogger - Using platform encoding (Cp1252 actually) to copy filtered resources, i.e. build is platform dependent!
2025-11-20 23:39:10,791 [Worker-46: Building workspace] INFO  o.e.m.c.i.embedder.EclipseLogger - Copying 12 resources
2025-11-20 23:39:10,805 [Worker-46: Building workspace] WARN  o.e.m.c.i.embedder.EclipseLogger - Using platform encoding (Cp1252 actually) to copy filtered resources, i.e. build is platform dependent!
2025-11-20 23:39:10,805 [Worker-46: Building workspace] INFO  o.e.m.c.i.embedder.EclipseLogger - skip non existing resourceDirectory D:\Project-3\Project-3\src\test\resources
2025-11-20 23:39:15,673 [Worker-45: Building workspace] WARN  o.e.m.c.i.embedder.EclipseLogger - Using platform encoding (Cp1252 actually) to copy filtered resources, i.e. build is platform dependent!
2025-11-20 23:39:15,673 [Worker-45: Building workspace] INFO  o.e.m.c.i.embedder.EclipseLogger - Copying 12 resources
2025-11-20 23:39:15,673 [Worker-45: Building workspace] WARN  o.e.m.c.i.embedder.EclipseLogger - Using platform encoding (Cp1252 actually) to copy filtered resources, i.e. build is platform dependent!
2025-11-20 23:39:15,673 [Worker-45: Building workspace] INFO  o.e.m.c.i.embedder.EclipseLogger - skip non existing resourceDirectory D:\Project-3\Project-3\src\test\resources
2025-11-20 23:39:23,511 [Worker-48: Building workspace] WARN  o.e.m.c.i.embedder.EclipseLogger - Using platform encoding (Cp1252 actually) to copy filtered resources, i.e. build is platform dependent!
2025-11-20 23:39:23,511 [Worker-48: Building workspace] INFO  o.e.m.c.i.embedder.EclipseLogger - Copying 12 resources
2025-11-20 23:39:23,517 [Worker-48: Building workspace] WARN  o.e.m.c.i.embedder.EclipseLogger - Using platform encoding (Cp1252 actually) to copy filtered resources, i.e. build is platform dependent!
2025-11-20 23:39:23,519 [Worker-48: Building workspace] INFO  o.e.m.c.i.embedder.EclipseLogger - skip non existing resourceDirectory D:\Project-3\Project-3\src\test\resources
2025-11-20 23:39:29,907 [Worker-39: Building workspace] WARN  o.e.m.c.i.embedder.EclipseLogger - Using platform encoding (Cp1252 actually) to copy filtered resources, i.e. build is platform dependent!
2025-11-20 23:39:29,907 [Worker-39: Building workspace] INFO  o.e.m.c.i.embedder.EclipseLogger - Copying 12 resources
2025-11-20 23:39:29,922 [Worker-39: Building workspace] WARN  o.e.m.c.i.embedder.EclipseLogger - Using platform encoding (Cp1252 actually) to copy filtered resources, i.e. build is platform dependent!
2025-11-20 23:39:29,925 [Worker-39: Building workspace] INFO  o.e.m.c.i.embedder.EclipseLogger - skip non existing resourceDirectory D:\Project-3\Project-3\src\test\resources
2025-11-20 23:39:51,924 [Worker-47: Building workspace] WARN  o.e.m.c.i.embedder.EclipseLogger - Using platform encoding (Cp1252 actually) to copy filtered resources, i.e. build is platform dependent!
2025-11-20 23:39:51,926 [Worker-47: Building workspace] INFO  o.e.m.c.i.embedder.EclipseLogger - Copying 12 resources
2025-11-20 23:39:51,930 [Worker-47: Building workspace] WARN  o.e.m.c.i.embedder.EclipseLogger - Using platform encoding (Cp1252 actually) to copy filtered resources, i.e. build is platform dependent!
2025-11-20 23:39:51,932 [Worker-47: Building workspace] INFO  o.e.m.c.i.embedder.EclipseLogger - skip non existing resourceDirectory D:\Project-3\Project-3\src\test\resources
2025-11-20 23:39:56,766 [Worker-48: Building workspace] WARN  o.e.m.c.i.embedder.EclipseLogger - Using platform encoding (Cp1252 actually) to copy filtered resources, i.e. build is platform dependent!
2025-11-20 23:39:56,766 [Worker-48: Building workspace] INFO  o.e.m.c.i.embedder.EclipseLogger - Copying 12 resources
2025-11-20 23:39:56,770 [Worker-48: Building workspace] WARN  o.e.m.c.i.embedder.EclipseLogger - Using platform encoding (Cp1252 actually) to copy filtered resources, i.e. build is platform dependent!
2025-11-20 23:39:56,770 [Worker-48: Building workspace] INFO  o.e.m.c.i.embedder.EclipseLogger - skip non existing resourceDirectory D:\Project-3\Project-3\src\test\resources
2025-11-20 23:40:02,907 [Worker-44: Building workspace] WARN  o.e.m.c.i.embedder.EclipseLogger - Using platform encoding (Cp1252 actually) to copy filtered resources, i.e. build is platform dependent!
2025-11-20 23:40:02,907 [Worker-44: Building workspace] INFO  o.e.m.c.i.embedder.EclipseLogger - Copying 12 resources
2025-11-20 23:40:02,907 [Worker-44: Building workspace] WARN  o.e.m.c.i.embedder.EclipseLogger - Using platform encoding (Cp1252 actually) to copy filtered resources, i.e. build is platform dependent!
2025-11-20 23:40:02,907 [Worker-44: Building workspace] INFO  o.e.m.c.i.embedder.EclipseLogger - skip non existing resourceDirectory D:\Project-3\Project-3\src\test\resources
2025-11-20 23:40:07,800 [Worker-44: Building workspace] WARN  o.e.m.c.i.embedder.EclipseLogger - Using platform encoding (Cp1252 actually) to copy filtered resources, i.e. build is platform dependent!
2025-11-20 23:40:07,800 [Worker-44: Building workspace] INFO  o.e.m.c.i.embedder.EclipseLogger - Copying 12 resources
2025-11-20 23:40:07,810 [Worker-44: Building workspace] WARN  o.e.m.c.i.embedder.EclipseLogger - Using platform encoding (Cp1252 actually) to copy filtered resources, i.e. build is platform dependent!
2025-11-20 23:40:07,814 [Worker-44: Building workspace] INFO  o.e.m.c.i.embedder.EclipseLogger - skip non existing resourceDirectory D:\Project-3\Project-3\src\test\resources
2025-11-20 23:40:13,808 [Worker-45: Building workspace] WARN  o.e.m.c.i.embedder.EclipseLogger - Using platform encoding (Cp1252 actually) to copy filtered resources, i.e. build is platform dependent!
2025-11-20 23:40:13,808 [Worker-45: Building workspace] INFO  o.e.m.c.i.embedder.EclipseLogger - Copying 12 resources
2025-11-20 23:40:13,823 [Worker-45: Building workspace] WARN  o.e.m.c.i.embedder.EclipseLogger - Using platform encoding (Cp1252 actually) to copy filtered resources, i.e. build is platform dependent!
2025-11-20 23:40:13,825 [Worker-45: Building workspace] INFO  o.e.m.c.i.embedder.EclipseLogger - skip non existing resourceDirectory D:\Project-3\Project-3\src\test\resources
2025-11-20 23:40:20,740 [Worker-46: Building workspace] WARN  o.e.m.c.i.embedder.EclipseLogger - Using platform encoding (Cp1252 actually) to copy filtered resources, i.e. build is platform dependent!
2025-11-20 23:40:20,755 [Worker-46: Building workspace] INFO  o.e.m.c.i.embedder.EclipseLogger - Copying 12 resources
2025-11-20 23:40:20,757 [Worker-46: Building workspace] WARN  o.e.m.c.i.embedder.EclipseLogger - Using platform encoding (Cp1252 actually) to copy filtered resources, i.e. build is platform dependent!
2025-11-20 23:40:20,759 [Worker-46: Building workspace] INFO  o.e.m.c.i.embedder.EclipseLogger - skip non existing resourceDirectory D:\Project-3\Project-3\src\test\resources
2025-11-20 23:40:25,737 [Worker-47: Building workspace] WARN  o.e.m.c.i.embedder.EclipseLogger - Using platform encoding (Cp1252 actually) to copy filtered resources, i.e. build is platform dependent!
2025-11-20 23:40:25,737 [Worker-47: Building workspace] INFO  o.e.m.c.i.embedder.EclipseLogger - Copying 12 resources
2025-11-20 23:40:25,737 [Worker-47: Building workspace] WARN  o.e.m.c.i.embedder.EclipseLogger - Using platform encoding (Cp1252 actually) to copy filtered resources, i.e. build is platform dependent!
2025-11-20 23:40:25,752 [Worker-47: Building workspace] INFO  o.e.m.c.i.embedder.EclipseLogger - skip non existing resourceDirectory D:\Project-3\Project-3\src\test\resources
2025-11-20 23:40:31,078 [Worker-43: Building workspace] WARN  o.e.m.c.i.embedder.EclipseLogger - Using platform encoding (Cp1252 actually) to copy filtered resources, i.e. build is platform dependent!
2025-11-20 23:40:31,087 [Worker-43: Building workspace] INFO  o.e.m.c.i.embedder.EclipseLogger - Copying 12 resources
2025-11-20 23:40:31,087 [Worker-43: Building workspace] WARN  o.e.m.c.i.embedder.EclipseLogger - Using platform encoding (Cp1252 actually) to copy filtered resources, i.e. build is platform dependent!
2025-11-20 23:40:31,087 [Worker-43: Building workspace] INFO  o.e.m.c.i.embedder.EclipseLogger - skip non existing resourceDirectory D:\Project-3\Project-3\src\test\resources
2025-11-20 23:40:38,051 [Worker-45: Building workspace] WARN  o.e.m.c.i.embedder.EclipseLogger - Using platform encoding (Cp1252 actually) to copy filtered resources, i.e. build is platform dependent!
2025-11-20 23:40:38,054 [Worker-45: Building workspace] INFO  o.e.m.c.i.embedder.EclipseLogger - Copying 12 resources
2025-11-20 23:40:38,056 [Worker-45: Building workspace] WARN  o.e.m.c.i.embedder.EclipseLogger - Using platform encoding (Cp1252 actually) to copy filtered resources, i.e. build is platform dependent!
2025-11-20 23:40:38,056 [Worker-45: Building workspace] INFO  o.e.m.c.i.embedder.EclipseLogger - skip non existing resourceDirectory D:\Project-3\Project-3\src\test\resources
2025-11-20 23:40:43,507 [Worker-39: Building workspace] WARN  o.e.m.c.i.embedder.EclipseLogger - Using platform encoding (Cp1252 actually) to copy filtered resources, i.e. build is platform dependent!
2025-11-20 23:40:43,523 [Worker-39: Building workspace] INFO  o.e.m.c.i.embedder.EclipseLogger - Copying 12 resources
2025-11-20 23:40:43,523 [Worker-39: Building workspace] WARN  o.e.m.c.i.embedder.EclipseLogger - Using platform encoding (Cp1252 actually) to copy filtered resources, i.e. build is platform dependent!
2025-11-20 23:40:43,523 [Worker-39: Building workspace] INFO  o.e.m.c.i.embedder.EclipseLogger - skip non existing resourceDirectory D:\Project-3\Project-3\src\test\resources
2025-11-20 23:41:45,686 [Worker-45: Building workspace] WARN  o.e.m.c.i.embedder.EclipseLogger - Using platform encoding (Cp1252 actually) to copy filtered resources, i.e. build is platform dependent!
2025-11-20 23:41:45,727 [Worker-45: Building workspace] INFO  o.e.m.c.i.embedder.EclipseLogger - Copying 12 resources
2025-11-20 23:41:45,729 [Worker-45: Building workspace] WARN  o.e.m.c.i.embedder.EclipseLogger - Using platform encoding (Cp1252 actually) to copy filtered resources, i.e. build is platform dependent!
2025-11-20 23:41:45,729 [Worker-45: Building workspace] INFO  o.e.m.c.i.embedder.EclipseLogger - skip non existing resourceDirectory D:\Project-3\Project-3\src\test\resources
2025-11-20 23:41:51,003 [Worker-47: Building workspace] WARN  o.e.m.c.i.embedder.EclipseLogger - Using platform encoding (Cp1252 actually) to copy filtered resources, i.e. build is platform dependent!
2025-11-20 23:41:51,007 [Worker-47: Building workspace] INFO  o.e.m.c.i.embedder.EclipseLogger - Copying 12 resources
2025-11-20 23:41:51,007 [Worker-47: Building workspace] WARN  o.e.m.c.i.embedder.EclipseLogger - Using platform encoding (Cp1252 actually) to copy filtered resources, i.e. build is platform dependent!
2025-11-20 23:41:51,007 [Worker-47: Building workspace] INFO  o.e.m.c.i.embedder.EclipseLogger - skip non existing resourceDirectory D:\Project-3\Project-3\src\test\resources
2025-11-20 23:41:55,733 [Worker-40: Building workspace] WARN  o.e.m.c.i.embedder.EclipseLogger - Using platform encoding (Cp1252 actually) to copy filtered resources, i.e. build is platform dependent!
2025-11-20 23:41:55,741 [Worker-40: Building workspace] INFO  o.e.m.c.i.embedder.EclipseLogger - Copying 12 resources
2025-11-20 23:41:55,745 [Worker-40: Building workspace] WARN  o.e.m.c.i.embedder.EclipseLogger - Using platform encoding (Cp1252 actually) to copy filtered resources, i.e. build is platform dependent!
2025-11-20 23:41:55,747 [Worker-40: Building workspace] INFO  o.e.m.c.i.embedder.EclipseLogger - skip non existing resourceDirectory D:\Project-3\Project-3\src\test\resources
2025-11-20 23:42:00,626 [Worker-47: Building workspace] WARN  o.e.m.c.i.embedder.EclipseLogger - Using platform encoding (Cp1252 actually) to copy filtered resources, i.e. build is platform dependent!
2025-11-20 23:42:00,631 [Worker-47: Building workspace] INFO  o.e.m.c.i.embedder.EclipseLogger - Copying 12 resources
2025-11-20 23:42:00,631 [Worker-47: Building workspace] WARN  o.e.m.c.i.embedder.EclipseLogger - Using platform encoding (Cp1252 actually) to copy filtered resources, i.e. build is platform dependent!
2025-11-20 23:42:00,631 [Worker-47: Building workspace] INFO  o.e.m.c.i.embedder.EclipseLogger - skip non existing resourceDirectory D:\Project-3\Project-3\src\test\resources
2025-11-20 23:42:05,795 [Worker-47: Building workspace] WARN  o.e.m.c.i.embedder.EclipseLogger - Using platform encoding (Cp1252 actually) to copy filtered resources, i.e. build is platform dependent!
2025-11-20 23:42:05,797 [Worker-47: Building workspace] INFO  o.e.m.c.i.embedder.EclipseLogger - Copying 12 resources
2025-11-20 23:42:05,799 [Worker-47: Building workspace] WARN  o.e.m.c.i.embedder.EclipseLogger - Using platform encoding (Cp1252 actually) to copy filtered resources, i.e. build is platform dependent!
2025-11-20 23:42:05,801 [Worker-47: Building workspace] INFO  o.e.m.c.i.embedder.EclipseLogger - skip non existing resourceDirectory D:\Project-3\Project-3\src\test\resources
2025-11-20 23:42:12,933 [Worker-46: Building workspace] WARN  o.e.m.c.i.embedder.EclipseLogger - Using platform encoding (Cp1252 actually) to copy filtered resources, i.e. build is platform dependent!
2025-11-20 23:42:12,943 [Worker-46: Building workspace] INFO  o.e.m.c.i.embedder.EclipseLogger - Copying 12 resources
2025-11-20 23:42:12,945 [Worker-46: Building workspace] WARN  o.e.m.c.i.embedder.EclipseLogger - Using platform encoding (Cp1252 actually) to copy filtered resources, i.e. build is platform dependent!
2025-11-20 23:42:12,945 [Worker-46: Building workspace] INFO  o.e.m.c.i.embedder.EclipseLogger - skip non existing resourceDirectory D:\Project-3\Project-3\src\test\resources
2025-11-20 23:42:17,712 [Worker-39: Building workspace] WARN  o.e.m.c.i.embedder.EclipseLogger - Using platform encoding (Cp1252 actually) to copy filtered resources, i.e. build is platform dependent!
2025-11-20 23:42:17,712 [Worker-39: Building workspace] INFO  o.e.m.c.i.embedder.EclipseLogger - Copying 12 resources
2025-11-20 23:42:17,726 [Worker-39: Building workspace] WARN  o.e.m.c.i.embedder.EclipseLogger - Using platform encoding (Cp1252 actually) to copy filtered resources, i.e. build is platform dependent!
2025-11-20 23:42:17,726 [Worker-39: Building workspace] INFO  o.e.m.c.i.embedder.EclipseLogger - skip non existing resourceDirectory D:\Project-3\Project-3\src\test\resources
2025-11-20 23:42:22,099 [Worker-40: Building workspace] WARN  o.e.m.c.i.embedder.EclipseLogger - Using platform encoding (Cp1252 actually) to copy filtered resources, i.e. build is platform dependent!
2025-11-20 23:42:22,099 [Worker-40: Building workspace] INFO  o.e.m.c.i.embedder.EclipseLogger - Copying 12 resources
2025-11-20 23:42:22,099 [Worker-40: Building workspace] WARN  o.e.m.c.i.embedder.EclipseLogger - Using platform encoding (Cp1252 actually) to copy filtered resources, i.e. build is platform dependent!
2025-11-20 23:42:22,099 [Worker-40: Building workspace] INFO  o.e.m.c.i.embedder.EclipseLogger - skip non existing resourceDirectory D:\Project-3\Project-3\src\test\resources
2025-11-20 23:42:26,362 [Worker-39: Building workspace] WARN  o.e.m.c.i.embedder.EclipseLogger - Using platform encoding (Cp1252 actually) to copy filtered resources, i.e. build is platform dependent!
2025-11-20 23:42:26,364 [Worker-39: Building workspace] INFO  o.e.m.c.i.embedder.EclipseLogger - Copying 12 resources
2025-11-20 23:42:26,364 [Worker-39: Building workspace] WARN  o.e.m.c.i.embedder.EclipseLogger - Using platform encoding (Cp1252 actually) to copy filtered resources, i.e. build is platform dependent!
2025-11-20 23:42:26,364 [Worker-39: Building workspace] INFO  o.e.m.c.i.embedder.EclipseLogger - skip non existing resourceDirectory D:\Project-3\Project-3\src\test\resources
2025-11-20 23:42:31,278 [Worker-39: Building workspace] WARN  o.e.m.c.i.embedder.EclipseLogger - Using platform encoding (Cp1252 actually) to copy filtered resources, i.e. build is platform dependent!
2025-11-20 23:42:31,278 [Worker-39: Building workspace] INFO  o.e.m.c.i.embedder.EclipseLogger - Copying 12 resources
2025-11-20 23:42:31,278 [Worker-39: Building workspace] WARN  o.e.m.c.i.embedder.EclipseLogger - Using platform encoding (Cp1252 actually) to copy filtered resources, i.e. build is platform dependent!
2025-11-20 23:42:31,284 [Worker-39: Building workspace] INFO  o.e.m.c.i.embedder.EclipseLogger - skip non existing resourceDirectory D:\Project-3\Project-3\src\test\resources
2025-11-21 12:09:22,895 [Worker-60: Building workspace] WARN  o.e.m.c.i.embedder.EclipseLogger - Using platform encoding (Cp1252 actually) to copy filtered resources, i.e. build is platform dependent!
2025-11-21 12:09:22,899 [Worker-60: Building workspace] INFO  o.e.m.c.i.embedder.EclipseLogger - Copying 1 resource
2025-11-21 12:09:22,903 [Worker-60: Building workspace] WARN  o.e.m.c.i.embedder.EclipseLogger - Using platform encoding (Cp1252 actually) to copy filtered resources, i.e. build is platform dependent!
2025-11-21 12:09:22,903 [Worker-60: Building workspace] INFO  o.e.m.c.i.embedder.EclipseLogger - skip non existing resourceDirectory D:\Project-3\Project-3\src\test\resources
2025-11-21 12:09:29,817 [Worker-57: Building workspace] WARN  o.e.m.c.i.embedder.EclipseLogger - Using platform encoding (Cp1252 actually) to copy filtered resources, i.e. build is platform dependent!
2025-11-21 12:09:29,829 [Worker-57: Building workspace] INFO  o.e.m.c.i.embedder.EclipseLogger - Copying 1 resource
2025-11-21 12:09:29,831 [Worker-57: Building workspace] WARN  o.e.m.c.i.embedder.EclipseLogger - Using platform encoding (Cp1252 actually) to copy filtered resources, i.e. build is platform dependent!
2025-11-21 12:09:29,831 [Worker-57: Building workspace] INFO  o.e.m.c.i.embedder.EclipseLogger - skip non existing resourceDirectory D:\Project-3\Project-3\src\test\resources
2025-11-21 12:11:47,530 [Worker-58: Building workspace] WARN  o.e.m.c.i.embedder.EclipseLogger - Using platform encoding (Cp1252 actually) to copy filtered resources, i.e. build is platform dependent!
2025-11-21 12:11:47,530 [Worker-58: Building workspace] INFO  o.e.m.c.i.embedder.EclipseLogger - Copying 1 resource
2025-11-21 12:11:47,530 [Worker-58: Building workspace] WARN  o.e.m.c.i.embedder.EclipseLogger - Using platform encoding (Cp1252 actually) to copy filtered resources, i.e. build is platform dependent!
2025-11-21 12:11:47,530 [Worker-58: Building workspace] INFO  o.e.m.c.i.embedder.EclipseLogger - skip non existing resourceDirectory D:\Project-3\Project-3\src\test\resources
2025-11-21 12:11:54,677 [Worker-63: Building workspace] WARN  o.e.m.c.i.embedder.EclipseLogger - Using platform encoding (Cp1252 actually) to copy filtered resources, i.e. build is platform dependent!
2025-11-21 12:11:54,681 [Worker-63: Building workspace] INFO  o.e.m.c.i.embedder.EclipseLogger - Copying 1 resource
2025-11-21 12:11:54,683 [Worker-63: Building workspace] WARN  o.e.m.c.i.embedder.EclipseLogger - Using platform encoding (Cp1252 actually) to copy filtered resources, i.e. build is platform dependent!
2025-11-21 12:11:54,685 [Worker-63: Building workspace] INFO  o.e.m.c.i.embedder.EclipseLogger - skip non existing resourceDirectory D:\Project-3\Project-3\src\test\resources
2025-11-22 00:28:57,224 [Worker-102: Building workspace] WARN  o.e.m.c.i.embedder.EclipseLogger - Using platform encoding (Cp1252 actually) to copy filtered resources, i.e. build is platform dependent!
2025-11-22 00:28:57,271 [Worker-102: Building workspace] INFO  o.e.m.c.i.embedder.EclipseLogger - Copying 12 resources
2025-11-22 00:28:57,271 [Worker-102: Building workspace] WARN  o.e.m.c.i.embedder.EclipseLogger - Using platform encoding (Cp1252 actually) to copy filtered resources, i.e. build is platform dependent!
2025-11-22 00:28:57,271 [Worker-102: Building workspace] INFO  o.e.m.c.i.embedder.EclipseLogger - skip non existing resourceDirectory D:\Project-3\Project-3\src\test\resources
2025-11-22 01:05:23,974 [Worker-110: Building workspace] WARN  o.e.m.c.i.embedder.EclipseLogger - Using platform encoding (Cp1252 actually) to copy filtered resources, i.e. build is platform dependent!
2025-11-22 01:05:23,974 [Worker-110: Building workspace] INFO  o.e.m.c.i.embedder.EclipseLogger - Copying 12 resources
2025-11-22 01:05:23,974 [Worker-110: Building workspace] WARN  o.e.m.c.i.embedder.EclipseLogger - Using platform encoding (Cp1252 actually) to copy filtered resources, i.e. build is platform dependent!
2025-11-22 01:05:23,974 [Worker-110: Building workspace] INFO  o.e.m.c.i.embedder.EclipseLogger - skip non existing resourceDirectory D:\Project-3\Project-3\src\test\resources
2025-11-22 01:12:18,013 [Worker-114: Building workspace] WARN  o.e.m.c.i.embedder.EclipseLogger - Using platform encoding (Cp1252 actually) to copy filtered resources, i.e. build is platform dependent!
2025-11-22 01:12:18,015 [Worker-114: Building workspace] INFO  o.e.m.c.i.embedder.EclipseLogger - Copying 12 resources
2025-11-22 01:12:18,019 [Worker-114: Building workspace] WARN  o.e.m.c.i.embedder.EclipseLogger - Using platform encoding (Cp1252 actually) to copy filtered resources, i.e. build is platform dependent!
2025-11-22 01:12:18,019 [Worker-114: Building workspace] INFO  o.e.m.c.i.embedder.EclipseLogger - skip non existing resourceDirectory D:\Project-3\Project-3\src\test\resources
2025-11-22 01:12:47,078 [Worker-114: Building workspace] WARN  o.e.m.c.i.embedder.EclipseLogger - Using platform encoding (Cp1252 actually) to copy filtered resources, i.e. build is platform dependent!
2025-11-22 01:12:47,099 [Worker-114: Building workspace] INFO  o.e.m.c.i.embedder.EclipseLogger - Copying 12 resources
2025-11-22 01:12:47,099 [Worker-114: Building workspace] WARN  o.e.m.c.i.embedder.EclipseLogger - Using platform encoding (Cp1252 actually) to copy filtered resources, i.e. build is platform dependent!
2025-11-22 01:12:47,099 [Worker-114: Building workspace] INFO  o.e.m.c.i.embedder.EclipseLogger - skip non existing resourceDirectory D:\Project-3\Project-3\src\test\resources
2025-11-22 01:14:09,447 [Worker-110: Building workspace] WARN  o.e.m.c.i.embedder.EclipseLogger - Using platform encoding (Cp1252 actually) to copy filtered resources, i.e. build is platform dependent!
2025-11-22 01:14:09,447 [Worker-110: Building workspace] INFO  o.e.m.c.i.embedder.EclipseLogger - Copying 12 resources
2025-11-22 01:14:09,454 [Worker-110: Building workspace] WARN  o.e.m.c.i.embedder.EclipseLogger - Using platform encoding (Cp1252 actually) to copy filtered resources, i.e. build is platform dependent!
2025-11-22 01:14:09,454 [Worker-110: Building workspace] INFO  o.e.m.c.i.embedder.EclipseLogger - skip non existing resourceDirectory D:\Project-3\Project-3\src\test\resources
2025-11-22 19:33:16,858 [Worker-115: Building workspace] WARN  o.e.m.c.i.embedder.EclipseLogger - Using platform encoding (Cp1252 actually) to copy filtered resources, i.e. build is platform dependent!
2025-11-22 19:33:16,858 [Worker-115: Building workspace] INFO  o.e.m.c.i.embedder.EclipseLogger - Copying 12 resources
2025-11-22 19:33:16,858 [Worker-115: Building workspace] WARN  o.e.m.c.i.embedder.EclipseLogger - Using platform encoding (Cp1252 actually) to copy filtered resources, i.e. build is platform dependent!
2025-11-22 19:33:16,858 [Worker-115: Building workspace] INFO  o.e.m.c.i.embedder.EclipseLogger - skip non existing resourceDirectory D:\Project-3\Project-3\src\test\resources
2025-11-22 19:37:13,870 [Worker-121: Updating Maven Project] INFO  o.e.m.c.i.p.ProjectConfigurationManager - Update started
2025-11-22 19:37:27,199 [Worker-121: Updating Maven Project] INFO  o.e.m.c.i.l.LifecycleMappingFactory - Using org.maven.ide.eclipse.wtp.WarLifecycleMapping lifecycle mapping for MavenProject: in.co.rays:project_3:0.0.1-SNAPSHOT @ D:\Project-3\Project-3\pom.xml.
2025-11-22 19:37:35,313 [Worker-121: Updating Maven Project] INFO  o.e.m.j.i.AbstractJavaProjectConfigurator - Adding source folder /Project-3/src/main/java
2025-11-22 19:37:35,313 [Worker-121: Updating Maven Project] INFO  o.e.m.j.i.AbstractJavaProjectConfigurator - Adding resource folder /Project-3/src/main/resources
2025-11-22 19:37:35,313 [Worker-121: Updating Maven Project] INFO  o.e.m.j.i.AbstractJavaProjectConfigurator - Adding source folder /Project-3/src/test/java
2025-11-22 19:37:38,262 [Worker-121: Updating Maven Project] INFO  o.e.m.w.i.f.ResourceFilteringBuildParticipant - Cleaning filtered folder for Project-3
2025-11-22 19:37:38,278 [Worker-121: Updating Maven Project] INFO  o.e.m.c.i.p.ProjectConfigurationManager - Update completed: 24 sec
2025-11-22 19:38:28,361 [Worker-126: Building workspace] WARN  o.e.m.c.i.embedder.EclipseLogger - Using platform encoding (Cp1252 actually) to copy filtered resources, i.e. build is platform dependent!
2025-11-22 19:38:28,361 [Worker-126: Building workspace] INFO  o.e.m.c.i.embedder.EclipseLogger - Copying 12 resources
2025-11-22 19:38:28,385 [Worker-126: Building workspace] WARN  o.e.m.c.i.embedder.EclipseLogger - Using platform encoding (Cp1252 actually) to copy filtered resources, i.e. build is platform dependent!
2025-11-22 19:38:28,385 [Worker-126: Building workspace] INFO  o.e.m.c.i.embedder.EclipseLogger - skip non existing resourceDirectory D:\Project-3\Project-3\src\test\resources
2025-11-22 19:38:28,385 [Worker-126: Building workspace] INFO  o.e.m.w.i.f.ResourceFilteringBuildParticipant - Changed resources require a complete clean of filtered resources of Project-3
2025-11-22 19:38:28,385 [Worker-126: Building workspace] INFO  o.e.m.w.i.f.ResourceFilteringBuildParticipant - Executing resource filtering for Project-3
2025-11-22 19:38:28,393 [Worker-126: Building workspace] WARN  o.e.m.c.i.embedder.EclipseLogger - Using platform encoding (Cp1252 actually) to copy filtered resources, i.e. build is platform dependent!
2025-11-22 19:55:45,683 [Worker-127: Building workspace] WARN  o.e.m.c.i.embedder.EclipseLogger - Using platform encoding (Cp1252 actually) to copy filtered resources, i.e. build is platform dependent!
2025-11-22 19:55:45,691 [Worker-127: Building workspace] INFO  o.e.m.c.i.embedder.EclipseLogger - Copying 0 resource
2025-11-22 19:55:45,694 [Worker-127: Building workspace] WARN  o.e.m.c.i.embedder.EclipseLogger - Using platform encoding (Cp1252 actually) to copy filtered resources, i.e. build is platform dependent!
2025-11-22 19:55:45,716 [Worker-127: Building workspace] INFO  o.e.m.c.i.embedder.EclipseLogger - skip non existing resourceDirectory D:\Project-3\Project-3\src\test\resources
2025-11-22 19:56:21,163 [Worker-121: Building workspace] WARN  o.e.m.c.i.embedder.EclipseLogger - Using platform encoding (Cp1252 actually) to copy filtered resources, i.e. build is platform dependent!
2025-11-22 19:56:21,165 [Worker-121: Building workspace] INFO  o.e.m.c.i.embedder.EclipseLogger - Copying 0 resource
2025-11-22 19:56:21,167 [Worker-121: Building workspace] WARN  o.e.m.c.i.embedder.EclipseLogger - Using platform encoding (Cp1252 actually) to copy filtered resources, i.e. build is platform dependent!
2025-11-22 19:56:21,167 [Worker-121: Building workspace] INFO  o.e.m.c.i.embedder.EclipseLogger - skip non existing resourceDirectory D:\Project-3\Project-3\src\test\resources
2025-11-22 19:59:11,922 [Worker-125: Building workspace] WARN  o.e.m.c.i.embedder.EclipseLogger - Using platform encoding (Cp1252 actually) to copy filtered resources, i.e. build is platform dependent!
2025-11-22 19:59:11,922 [Worker-125: Building workspace] INFO  o.e.m.c.i.embedder.EclipseLogger - Copying 0 resource
2025-11-22 19:59:11,932 [Worker-125: Building workspace] WARN  o.e.m.c.i.embedder.EclipseLogger - Using platform encoding (Cp1252 actually) to copy filtered resources, i.e. build is platform dependent!
2025-11-22 19:59:11,934 [Worker-125: Building workspace] INFO  o.e.m.c.i.embedder.EclipseLogger - skip non existing resourceDirectory D:\Project-3\Project-3\src\test\resources
2025-11-22 20:03:24,919 [Worker-120: Building workspace] WARN  o.e.m.c.i.embedder.EclipseLogger - Using platform encoding (Cp1252 actually) to copy filtered resources, i.e. build is platform dependent!
2025-11-22 20:03:24,919 [Worker-120: Building workspace] INFO  o.e.m.c.i.embedder.EclipseLogger - Copying 0 resource
2025-11-22 20:03:24,933 [Worker-120: Building workspace] WARN  o.e.m.c.i.embedder.EclipseLogger - Using platform encoding (Cp1252 actually) to copy filtered resources, i.e. build is platform dependent!
2025-11-22 20:03:24,933 [Worker-120: Building workspace] INFO  o.e.m.c.i.embedder.EclipseLogger - skip non existing resourceDirectory D:\Project-3\Project-3\src\test\resources
2025-11-22 20:03:48,709 [Worker-120: Cleaning all projects] INFO  o.e.m.w.i.f.ResourceFilteringBuildParticipant - Cleaning filtered folder for Project-3
2025-11-22 20:03:49,564 [Worker-126: Building workspace] WARN  o.e.m.c.i.embedder.EclipseLogger - Using platform encoding (Cp1252 actually) to copy filtered resources, i.e. build is platform dependent!
2025-11-22 20:03:49,566 [Worker-126: Building workspace] INFO  o.e.m.c.i.embedder.EclipseLogger - Copying 12 resources
2025-11-22 20:03:49,609 [Worker-126: Building workspace] WARN  o.e.m.c.i.embedder.EclipseLogger - Using platform encoding (Cp1252 actually) to copy filtered resources, i.e. build is platform dependent!
2025-11-22 20:03:49,611 [Worker-126: Building workspace] INFO  o.e.m.c.i.embedder.EclipseLogger - skip non existing resourceDirectory D:\Project-3\Project-3\src\test\resources
2025-11-22 20:03:49,611 [Worker-126: Building workspace] INFO  o.e.m.w.i.f.ResourceFilteringBuildParticipant - Changed resources require a complete clean of filtered resources of Project-3
2025-11-22 20:03:49,611 [Worker-126: Building workspace] INFO  o.e.m.w.i.f.ResourceFilteringBuildParticipant - Executing resource filtering for Project-3
2025-11-22 20:03:49,622 [Worker-126: Building workspace] WARN  o.e.m.c.i.embedder.EclipseLogger - Using platform encoding (Cp1252 actually) to copy filtered resources, i.e. build is platform dependent!
2025-11-22 20:03:57,024 [Worker-121: Updating Maven Project] INFO  o.e.m.c.i.p.ProjectConfigurationManager - Update started
2025-11-22 20:03:57,536 [Worker-121: Updating Maven Project] INFO  o.e.m.c.i.l.LifecycleMappingFactory - Using org.maven.ide.eclipse.wtp.WarLifecycleMapping lifecycle mapping for MavenProject: in.co.rays:project_3:0.0.1-SNAPSHOT @ D:\Project-3\Project-3\pom.xml.
2025-11-22 20:03:58,568 [Worker-121: Updating Maven Project] INFO  o.e.m.j.i.AbstractJavaProjectConfigurator - Adding source folder /Project-3/src/main/java
2025-11-22 20:03:58,568 [Worker-121: Updating Maven Project] INFO  o.e.m.j.i.AbstractJavaProjectConfigurator - Adding resource folder /Project-3/src/main/resources
2025-11-22 20:03:58,568 [Worker-121: Updating Maven Project] INFO  o.e.m.j.i.AbstractJavaProjectConfigurator - Adding source folder /Project-3/src/test/java
2025-11-22 20:03:59,303 [Worker-121: Updating Maven Project] INFO  o.e.m.w.i.f.ResourceFilteringBuildParticipant - Cleaning filtered folder for Project-3
2025-11-22 20:03:59,311 [Worker-121: Updating Maven Project] INFO  o.e.m.c.i.p.ProjectConfigurationManager - Update completed: 2 sec
2025-11-22 20:04:01,653 [Worker-120: Building workspace] WARN  o.e.m.c.i.embedder.EclipseLogger - Using platform encoding (Cp1252 actually) to copy filtered resources, i.e. build is platform dependent!
2025-11-22 20:04:01,653 [Worker-120: Building workspace] INFO  o.e.m.c.i.embedder.EclipseLogger - Copying 12 resources
2025-11-22 20:04:01,722 [Worker-120: Building workspace] WARN  o.e.m.c.i.embedder.EclipseLogger - Using platform encoding (Cp1252 actually) to copy filtered resources, i.e. build is platform dependent!
2025-11-22 20:04:01,724 [Worker-120: Building workspace] INFO  o.e.m.c.i.embedder.EclipseLogger - skip non existing resourceDirectory D:\Project-3\Project-3\src\test\resources
2025-11-22 20:04:01,724 [Worker-120: Building workspace] INFO  o.e.m.w.i.f.ResourceFilteringBuildParticipant - Changed resources require a complete clean of filtered resources of Project-3
2025-11-22 20:04:01,724 [Worker-120: Building workspace] INFO  o.e.m.w.i.f.ResourceFilteringBuildParticipant - Executing resource filtering for Project-3
2025-11-22 20:04:01,727 [Worker-120: Building workspace] WARN  o.e.m.c.i.embedder.EclipseLogger - Using platform encoding (Cp1252 actually) to copy filtered resources, i.e. build is platform dependent!
2025-11-22 20:27:26,159 [Worker-131: Building workspace] WARN  o.e.m.c.i.embedder.EclipseLogger - Using platform encoding (Cp1252 actually) to copy filtered resources, i.e. build is platform dependent!
2025-11-22 20:27:26,164 [Worker-131: Building workspace] INFO  o.e.m.c.i.embedder.EclipseLogger - Copying 0 resource
2025-11-22 20:27:26,165 [Worker-131: Building workspace] WARN  o.e.m.c.i.embedder.EclipseLogger - Using platform encoding (Cp1252 actually) to copy filtered resources, i.e. build is platform dependent!
2025-11-22 20:27:26,205 [Worker-131: Building workspace] INFO  o.e.m.c.i.embedder.EclipseLogger - skip non existing resourceDirectory D:\Project-3\Project-3\src\test\resources
2025-11-22 20:27:40,901 [Worker-129: Building workspace] WARN  o.e.m.c.i.embedder.EclipseLogger - Using platform encoding (Cp1252 actually) to copy filtered resources, i.e. build is platform dependent!
2025-11-22 20:27:40,901 [Worker-129: Building workspace] INFO  o.e.m.c.i.embedder.EclipseLogger - Copying 0 resource
2025-11-22 20:27:40,903 [Worker-129: Building workspace] WARN  o.e.m.c.i.embedder.EclipseLogger - Using platform encoding (Cp1252 actually) to copy filtered resources, i.e. build is platform dependent!
2025-11-22 20:27:40,905 [Worker-129: Building workspace] INFO  o.e.m.c.i.embedder.EclipseLogger - skip non existing resourceDirectory D:\Project-3\Project-3\src\test\resources
2025-11-22 20:37:12,646 [Worker-126: Building workspace] WARN  o.e.m.c.i.embedder.EclipseLogger - Using platform encoding (Cp1252 actually) to copy filtered resources, i.e. build is platform dependent!
2025-11-22 20:37:12,647 [Worker-126: Building workspace] INFO  o.e.m.c.i.embedder.EclipseLogger - Copying 0 resource
2025-11-22 20:37:12,649 [Worker-126: Building workspace] WARN  o.e.m.c.i.embedder.EclipseLogger - Using platform encoding (Cp1252 actually) to copy filtered resources, i.e. build is platform dependent!
2025-11-22 20:37:12,651 [Worker-126: Building workspace] INFO  o.e.m.c.i.embedder.EclipseLogger - skip non existing resourceDirectory D:\Project-3\Project-3\src\test\resources
2025-11-22 20:37:20,095 [Worker-126: Building workspace] WARN  o.e.m.c.i.embedder.EclipseLogger - Using platform encoding (Cp1252 actually) to copy filtered resources, i.e. build is platform dependent!
2025-11-22 20:37:20,095 [Worker-126: Building workspace] INFO  o.e.m.c.i.embedder.EclipseLogger - Copying 0 resource
2025-11-22 20:37:20,095 [Worker-126: Building workspace] WARN  o.e.m.c.i.embedder.EclipseLogger - Using platform encoding (Cp1252 actually) to copy filtered resources, i.e. build is platform dependent!
2025-11-22 20:37:20,095 [Worker-126: Building workspace] INFO  o.e.m.c.i.embedder.EclipseLogger - skip non existing resourceDirectory D:\Project-3\Project-3\src\test\resources
2025-11-22 20:38:55,793 [Worker-135: Building workspace] WARN  o.e.m.c.i.embedder.EclipseLogger - Using platform encoding (Cp1252 actually) to copy filtered resources, i.e. build is platform dependent!
2025-11-22 20:38:55,795 [Worker-135: Building workspace] INFO  o.e.m.c.i.embedder.EclipseLogger - Copying 0 resource
2025-11-22 20:38:55,797 [Worker-135: Building workspace] WARN  o.e.m.c.i.embedder.EclipseLogger - Using platform encoding (Cp1252 actually) to copy filtered resources, i.e. build is platform dependent!
2025-11-22 20:38:55,797 [Worker-135: Building workspace] INFO  o.e.m.c.i.embedder.EclipseLogger - skip non existing resourceDirectory D:\Project-3\Project-3\src\test\resources
2025-11-22 20:46:18,785 [Worker-134: Building workspace] WARN  o.e.m.c.i.embedder.EclipseLogger - Using platform encoding (Cp1252 actually) to copy filtered resources, i.e. build is platform dependent!
2025-11-22 20:46:18,787 [Worker-134: Building workspace] INFO  o.e.m.c.i.embedder.EclipseLogger - Copying 0 resource
2025-11-22 20:46:18,789 [Worker-134: Building workspace] WARN  o.e.m.c.i.embedder.EclipseLogger - Using platform encoding (Cp1252 actually) to copy filtered resources, i.e. build is platform dependent!
2025-11-22 20:46:18,818 [Worker-134: Building workspace] INFO  o.e.m.c.i.embedder.EclipseLogger - skip non existing resourceDirectory D:\Project-3\Project-3\src\test\resources
2025-11-22 20:46:37,787 [Worker-129: Building workspace] WARN  o.e.m.c.i.embedder.EclipseLogger - Using platform encoding (Cp1252 actually) to copy filtered resources, i.e. build is platform dependent!
2025-11-22 20:46:37,789 [Worker-129: Building workspace] INFO  o.e.m.c.i.embedder.EclipseLogger - Copying 0 resource
2025-11-22 20:46:37,789 [Worker-129: Building workspace] WARN  o.e.m.c.i.embedder.EclipseLogger - Using platform encoding (Cp1252 actually) to copy filtered resources, i.e. build is platform dependent!
2025-11-22 20:46:37,791 [Worker-129: Building workspace] INFO  o.e.m.c.i.embedder.EclipseLogger - skip non existing resourceDirectory D:\Project-3\Project-3\src\test\resources
2025-11-22 20:46:57,627 [Worker-138: Cleaning all projects] INFO  o.e.m.w.i.f.ResourceFilteringBuildParticipant - Cleaning filtered folder for Project-3
2025-11-22 20:46:58,779 [Worker-138: Building workspace] WARN  o.e.m.c.i.embedder.EclipseLogger - Using platform encoding (Cp1252 actually) to copy filtered resources, i.e. build is platform dependent!
2025-11-22 20:46:58,781 [Worker-138: Building workspace] INFO  o.e.m.c.i.embedder.EclipseLogger - Copying 12 resources
2025-11-22 20:46:58,806 [Worker-138: Building workspace] WARN  o.e.m.c.i.embedder.EclipseLogger - Using platform encoding (Cp1252 actually) to copy filtered resources, i.e. build is platform dependent!
2025-11-22 20:46:58,806 [Worker-138: Building workspace] INFO  o.e.m.c.i.embedder.EclipseLogger - skip non existing resourceDirectory D:\Project-3\Project-3\src\test\resources
2025-11-22 20:46:58,808 [Worker-138: Building workspace] INFO  o.e.m.w.i.f.ResourceFilteringBuildParticipant - Changed resources require a complete clean of filtered resources of Project-3
2025-11-22 20:46:58,808 [Worker-138: Building workspace] INFO  o.e.m.w.i.f.ResourceFilteringBuildParticipant - Executing resource filtering for Project-3
2025-11-22 20:46:58,813 [Worker-138: Building workspace] WARN  o.e.m.c.i.embedder.EclipseLogger - Using platform encoding (Cp1252 actually) to copy filtered resources, i.e. build is platform dependent!
2025-11-22 20:47:03,913 [Worker-138: Updating Maven Project] INFO  o.e.m.c.i.p.ProjectConfigurationManager - Update started
2025-11-22 20:47:04,373 [Worker-138: Updating Maven Project] INFO  o.e.m.c.i.l.LifecycleMappingFactory - Using org.maven.ide.eclipse.wtp.WarLifecycleMapping lifecycle mapping for MavenProject: in.co.rays:project_3:0.0.1-SNAPSHOT @ D:\Project-3\Project-3\pom.xml.
2025-11-22 20:47:05,300 [Worker-138: Updating Maven Project] INFO  o.e.m.j.i.AbstractJavaProjectConfigurator - Adding source folder /Project-3/src/main/java
2025-11-22 20:47:05,300 [Worker-138: Updating Maven Project] INFO  o.e.m.j.i.AbstractJavaProjectConfigurator - Adding resource folder /Project-3/src/main/resources
2025-11-22 20:47:05,300 [Worker-138: Updating Maven Project] INFO  o.e.m.j.i.AbstractJavaProjectConfigurator - Adding source folder /Project-3/src/test/java
2025-11-22 20:47:05,988 [Worker-138: Updating Maven Project] INFO  o.e.m.w.i.f.ResourceFilteringBuildParticipant - Cleaning filtered folder for Project-3
2025-11-22 20:47:05,992 [Worker-138: Updating Maven Project] INFO  o.e.m.c.i.p.ProjectConfigurationManager - Update completed: 2 sec
2025-11-22 20:47:07,669 [Worker-126: Building workspace] WARN  o.e.m.c.i.embedder.EclipseLogger - Using platform encoding (Cp1252 actually) to copy filtered resources, i.e. build is platform dependent!
2025-11-22 20:47:07,670 [Worker-126: Building workspace] INFO  o.e.m.c.i.embedder.EclipseLogger - Copying 12 resources
2025-11-22 20:47:07,710 [Worker-126: Building workspace] WARN  o.e.m.c.i.embedder.EclipseLogger - Using platform encoding (Cp1252 actually) to copy filtered resources, i.e. build is platform dependent!
2025-11-22 20:47:07,710 [Worker-126: Building workspace] INFO  o.e.m.c.i.embedder.EclipseLogger - skip non existing resourceDirectory D:\Project-3\Project-3\src\test\resources
2025-11-22 20:47:07,710 [Worker-126: Building workspace] INFO  o.e.m.w.i.f.ResourceFilteringBuildParticipant - Changed resources require a complete clean of filtered resources of Project-3
2025-11-22 20:47:07,710 [Worker-126: Building workspace] INFO  o.e.m.w.i.f.ResourceFilteringBuildParticipant - Executing resource filtering for Project-3
2025-11-22 20:47:07,710 [Worker-126: Building workspace] WARN  o.e.m.c.i.embedder.EclipseLogger - Using platform encoding (Cp1252 actually) to copy filtered resources, i.e. build is platform dependent!
2025-11-22 21:28:54,413 [Worker-135: Building workspace] WARN  o.e.m.c.i.embedder.EclipseLogger - Using platform encoding (Cp1252 actually) to copy filtered resources, i.e. build is platform dependent!
2025-11-22 21:28:54,419 [Worker-135: Building workspace] INFO  o.e.m.c.i.embedder.EclipseLogger - Copying 0 resource
2025-11-22 21:28:54,424 [Worker-135: Building workspace] WARN  o.e.m.c.i.embedder.EclipseLogger - Using platform encoding (Cp1252 actually) to copy filtered resources, i.e. build is platform dependent!
2025-11-22 21:28:54,454 [Worker-135: Building workspace] INFO  o.e.m.c.i.embedder.EclipseLogger - skip non existing resourceDirectory D:\Project-3\Project-3\src\test\resources
2025-11-22 21:30:02,463 [Worker-142: Building workspace] WARN  o.e.m.c.i.embedder.EclipseLogger - Using platform encoding (Cp1252 actually) to copy filtered resources, i.e. build is platform dependent!
2025-11-22 21:30:02,466 [Worker-142: Building workspace] INFO  o.e.m.c.i.embedder.EclipseLogger - Copying 12 resources
2025-11-22 21:30:02,466 [Worker-142: Building workspace] WARN  o.e.m.c.i.embedder.EclipseLogger - Using platform encoding (Cp1252 actually) to copy filtered resources, i.e. build is platform dependent!
2025-11-22 21:30:02,469 [Worker-142: Building workspace] INFO  o.e.m.c.i.embedder.EclipseLogger - skip non existing resourceDirectory D:\Project-3\Project-3\src\test\resources
2025-11-22 21:31:56,353 [Worker-141: Building workspace] WARN  o.e.m.c.i.embedder.EclipseLogger - Using platform encoding (Cp1252 actually) to copy filtered resources, i.e. build is platform dependent!
2025-11-22 21:31:56,363 [Worker-141: Building workspace] INFO  o.e.m.c.i.embedder.EclipseLogger - Copying 12 resources
2025-11-22 21:31:56,365 [Worker-141: Building workspace] WARN  o.e.m.c.i.embedder.EclipseLogger - Using platform encoding (Cp1252 actually) to copy filtered resources, i.e. build is platform dependent!
2025-11-22 21:31:56,398 [Worker-141: Building workspace] INFO  o.e.m.c.i.embedder.EclipseLogger - skip non existing resourceDirectory D:\Project-3\Project-3\src\test\resources
2025-11-22 21:32:03,787 [Worker-140: Building workspace] WARN  o.e.m.c.i.embedder.EclipseLogger - Using platform encoding (Cp1252 actually) to copy filtered resources, i.e. build is platform dependent!
2025-11-22 21:32:03,792 [Worker-140: Building workspace] INFO  o.e.m.c.i.embedder.EclipseLogger - Copying 0 resource
2025-11-22 21:32:03,793 [Worker-140: Building workspace] WARN  o.e.m.c.i.embedder.EclipseLogger - Using platform encoding (Cp1252 actually) to copy filtered resources, i.e. build is platform dependent!
2025-11-22 21:32:03,795 [Worker-140: Building workspace] INFO  o.e.m.c.i.embedder.EclipseLogger - skip non existing resourceDirectory D:\Project-3\Project-3\src\test\resources
2025-11-22 21:33:14,693 [Worker-135: Building workspace] WARN  o.e.m.c.i.embedder.EclipseLogger - Using platform encoding (Cp1252 actually) to copy filtered resources, i.e. build is platform dependent!
2025-11-22 21:33:14,702 [Worker-135: Building workspace] INFO  o.e.m.c.i.embedder.EclipseLogger - Copying 0 resource
2025-11-22 21:33:14,704 [Worker-135: Building workspace] WARN  o.e.m.c.i.embedder.EclipseLogger - Using platform encoding (Cp1252 actually) to copy filtered resources, i.e. build is platform dependent!
2025-11-22 21:33:14,745 [Worker-135: Building workspace] INFO  o.e.m.c.i.embedder.EclipseLogger - skip non existing resourceDirectory D:\Project-3\Project-3\src\test\resources
2025-11-22 21:33:30,457 [Worker-143: Building workspace] WARN  o.e.m.c.i.embedder.EclipseLogger - Using platform encoding (Cp1252 actually) to copy filtered resources, i.e. build is platform dependent!
2025-11-22 21:33:30,457 [Worker-143: Building workspace] INFO  o.e.m.c.i.embedder.EclipseLogger - Copying 12 resources
2025-11-22 21:33:30,463 [Worker-143: Building workspace] WARN  o.e.m.c.i.embedder.EclipseLogger - Using platform encoding (Cp1252 actually) to copy filtered resources, i.e. build is platform dependent!
2025-11-22 21:33:30,464 [Worker-143: Building workspace] INFO  o.e.m.c.i.embedder.EclipseLogger - skip non existing resourceDirectory D:\Project-3\Project-3\src\test\resources
2025-11-22 23:50:18,262 [Worker-154: Building workspace] WARN  o.e.m.c.i.embedder.EclipseLogger - Using platform encoding (Cp1252 actually) to copy filtered resources, i.e. build is platform dependent!
2025-11-22 23:50:18,262 [Worker-154: Building workspace] INFO  o.e.m.c.i.embedder.EclipseLogger - Copying 12 resources
2025-11-22 23:50:18,262 [Worker-154: Building workspace] WARN  o.e.m.c.i.embedder.EclipseLogger - Using platform encoding (Cp1252 actually) to copy filtered resources, i.e. build is platform dependent!
2025-11-22 23:50:18,262 [Worker-154: Building workspace] INFO  o.e.m.c.i.embedder.EclipseLogger - skip non existing resourceDirectory D:\Project-3\Project-3\src\test\resources
2025-11-22 23:50:50,587 [Worker-142: Building workspace] WARN  o.e.m.c.i.embedder.EclipseLogger - Using platform encoding (Cp1252 actually) to copy filtered resources, i.e. build is platform dependent!
2025-11-22 23:50:50,589 [Worker-142: Building workspace] INFO  o.e.m.c.i.embedder.EclipseLogger - Copying 0 resource
2025-11-22 23:50:50,589 [Worker-142: Building workspace] WARN  o.e.m.c.i.embedder.EclipseLogger - Using platform encoding (Cp1252 actually) to copy filtered resources, i.e. build is platform dependent!
2025-11-22 23:50:50,591 [Worker-142: Building workspace] INFO  o.e.m.c.i.embedder.EclipseLogger - skip non existing resourceDirectory D:\Project-3\Project-3\src\test\resources
2025-11-22 23:54:45,608 [Worker-157: Building workspace] WARN  o.e.m.c.i.embedder.EclipseLogger - Using platform encoding (Cp1252 actually) to copy filtered resources, i.e. build is platform dependent!
2025-11-22 23:54:45,625 [Worker-157: Building workspace] INFO  o.e.m.c.i.embedder.EclipseLogger - Copying 12 resources
2025-11-22 23:54:45,629 [Worker-157: Building workspace] WARN  o.e.m.c.i.embedder.EclipseLogger - Using platform encoding (Cp1252 actually) to copy filtered resources, i.e. build is platform dependent!
2025-11-22 23:54:45,656 [Worker-157: Building workspace] INFO  o.e.m.c.i.embedder.EclipseLogger - skip non existing resourceDirectory D:\Project-3\Project-3\src\test\resources
2025-11-23 00:14:33,640 [Worker-156: Launching UserModelTest] WARN  o.e.m.c.i.embedder.EclipseLogger - Using platform encoding (Cp1252 actually) to copy filtered resources, i.e. build is platform dependent!
2025-11-23 00:14:33,650 [Worker-156: Launching UserModelTest] INFO  o.e.m.c.i.embedder.EclipseLogger - Copying 12 resources
2025-11-23 00:14:33,653 [Worker-156: Launching UserModelTest] WARN  o.e.m.c.i.embedder.EclipseLogger - Using platform encoding (Cp1252 actually) to copy filtered resources, i.e. build is platform dependent!
2025-11-23 00:14:33,655 [Worker-156: Launching UserModelTest] INFO  o.e.m.c.i.embedder.EclipseLogger - skip non existing resourceDirectory D:\Project-3\Project-3\src\test\resources
2025-11-23 00:16:26,369 [Worker-157: Building workspace] WARN  o.e.m.c.i.embedder.EclipseLogger - Using platform encoding (Cp1252 actually) to copy filtered resources, i.e. build is platform dependent!
2025-11-23 00:16:26,369 [Worker-157: Building workspace] INFO  o.e.m.c.i.embedder.EclipseLogger - Copying 12 resources
2025-11-23 00:16:26,369 [Worker-157: Building workspace] WARN  o.e.m.c.i.embedder.EclipseLogger - Using platform encoding (Cp1252 actually) to copy filtered resources, i.e. build is platform dependent!
2025-11-23 00:16:26,369 [Worker-157: Building workspace] INFO  o.e.m.c.i.embedder.EclipseLogger - skip non existing resourceDirectory D:\Project-3\Project-3\src\test\resources
2025-11-23 00:16:42,125 [Worker-157: Building workspace] WARN  o.e.m.c.i.embedder.EclipseLogger - Using platform encoding (Cp1252 actually) to copy filtered resources, i.e. build is platform dependent!
2025-11-23 00:16:42,141 [Worker-157: Building workspace] INFO  o.e.m.c.i.embedder.EclipseLogger - Copying 12 resources
2025-11-23 00:16:42,145 [Worker-157: Building workspace] WARN  o.e.m.c.i.embedder.EclipseLogger - Using platform encoding (Cp1252 actually) to copy filtered resources, i.e. build is platform dependent!
2025-11-23 00:16:42,147 [Worker-157: Building workspace] INFO  o.e.m.c.i.embedder.EclipseLogger - skip non existing resourceDirectory D:\Project-3\Project-3\src\test\resources
2025-11-23 00:18:16,374 [Worker-154: Building workspace] WARN  o.e.m.c.i.embedder.EclipseLogger - Using platform encoding (Cp1252 actually) to copy filtered resources, i.e. build is platform dependent!
2025-11-23 00:18:16,382 [Worker-154: Building workspace] INFO  o.e.m.c.i.embedder.EclipseLogger - Copying 12 resources
2025-11-23 00:18:16,384 [Worker-154: Building workspace] WARN  o.e.m.c.i.embedder.EclipseLogger - Using platform encoding (Cp1252 actually) to copy filtered resources, i.e. build is platform dependent!
2025-11-23 00:18:16,386 [Worker-154: Building workspace] INFO  o.e.m.c.i.embedder.EclipseLogger - skip non existing resourceDirectory D:\Project-3\Project-3\src\test\resources
2025-11-23 00:34:07,993 [Worker-165: Building workspace] WARN  o.e.m.c.i.embedder.EclipseLogger - Using platform encoding (Cp1252 actually) to copy filtered resources, i.e. build is platform dependent!
2025-11-23 00:34:07,993 [Worker-165: Building workspace] INFO  o.e.m.c.i.embedder.EclipseLogger - Copying 12 resources
2025-11-23 00:34:07,993 [Worker-165: Building workspace] WARN  o.e.m.c.i.embedder.EclipseLogger - Using platform encoding (Cp1252 actually) to copy filtered resources, i.e. build is platform dependent!
2025-11-23 00:34:07,993 [Worker-165: Building workspace] INFO  o.e.m.c.i.embedder.EclipseLogger - skip non existing resourceDirectory D:\Project-3\Project-3\src\test\resources
2025-11-23 00:46:30,151 [Worker-157: Building workspace] WARN  o.e.m.c.i.embedder.EclipseLogger - Using platform encoding (Cp1252 actually) to copy filtered resources, i.e. build is platform dependent!
2025-11-23 00:46:30,157 [Worker-157: Building workspace] INFO  o.e.m.c.i.embedder.EclipseLogger - Copying 12 resources
2025-11-23 00:46:30,163 [Worker-157: Building workspace] WARN  o.e.m.c.i.embedder.EclipseLogger - Using platform encoding (Cp1252 actually) to copy filtered resources, i.e. build is platform dependent!
2025-11-23 00:46:30,165 [Worker-157: Building workspace] INFO  o.e.m.c.i.embedder.EclipseLogger - skip non existing resourceDirectory D:\Project-3\Project-3\src\test\resources
2025-11-23 17:57:28,672 [Worker-1: Loading available Gradle versions] INFO  o.e.b.c.i.u.g.PublishedGradleVersions - Gradle version information cache is out-of-date. Trying to update.
2025-11-23 17:57:41,730 [Worker-6: Building workspace] WARN  o.e.m.c.i.embedder.EclipseLogger - Using platform encoding (Cp1252 actually) to copy filtered resources, i.e. build is platform dependent!
2025-11-23 17:57:41,739 [Worker-6: Building workspace] INFO  o.e.m.c.i.embedder.EclipseLogger - Copying 12 resources
2025-11-23 17:57:41,749 [Worker-6: Building workspace] WARN  o.e.m.c.i.embedder.EclipseLogger - Using platform encoding (Cp1252 actually) to copy filtered resources, i.e. build is platform dependent!
2025-11-23 17:57:41,749 [Worker-6: Building workspace] INFO  o.e.m.c.i.embedder.EclipseLogger - skip non existing resourceDirectory D:\Project-3\Project-3\src\test\resources
2025-11-23 18:03:08,112 [Worker-4: Building workspace] WARN  o.e.m.c.i.embedder.EclipseLogger - Using platform encoding (Cp1252 actually) to copy filtered resources, i.e. build is platform dependent!
2025-11-23 18:03:08,130 [Worker-4: Building workspace] INFO  o.e.m.c.i.embedder.EclipseLogger - Copying 1 resource
2025-11-23 18:03:08,138 [Worker-4: Building workspace] WARN  o.e.m.c.i.embedder.EclipseLogger - Using platform encoding (Cp1252 actually) to copy filtered resources, i.e. build is platform dependent!
2025-11-23 18:03:08,138 [Worker-4: Building workspace] INFO  o.e.m.c.i.embedder.EclipseLogger - skip non existing resourceDirectory D:\Project-3\Project-3\src\test\resources
2025-11-23 18:19:10,784 [Worker-19: Building workspace] WARN  o.e.m.c.i.embedder.EclipseLogger - Using platform encoding (Cp1252 actually) to copy filtered resources, i.e. build is platform dependent!
2025-11-23 18:19:10,802 [Worker-19: Building workspace] INFO  o.e.m.c.i.embedder.EclipseLogger - Copying 12 resources
2025-11-23 18:19:10,802 [Worker-19: Building workspace] WARN  o.e.m.c.i.embedder.EclipseLogger - Using platform encoding (Cp1252 actually) to copy filtered resources, i.e. build is platform dependent!
2025-11-23 18:19:10,802 [Worker-19: Building workspace] INFO  o.e.m.c.i.embedder.EclipseLogger - skip non existing resourceDirectory D:\Project-3\Project-3\src\test\resources
2025-11-23 18:19:45,086 [Worker-19: Building workspace] WARN  o.e.m.c.i.embedder.EclipseLogger - Using platform encoding (Cp1252 actually) to copy filtered resources, i.e. build is platform dependent!
2025-11-23 18:19:45,094 [Worker-19: Building workspace] INFO  o.e.m.c.i.embedder.EclipseLogger - Copying 12 resources
2025-11-23 18:19:45,096 [Worker-19: Building workspace] WARN  o.e.m.c.i.embedder.EclipseLogger - Using platform encoding (Cp1252 actually) to copy filtered resources, i.e. build is platform dependent!
2025-11-23 18:19:45,098 [Worker-19: Building workspace] INFO  o.e.m.c.i.embedder.EclipseLogger - skip non existing resourceDirectory D:\Project-3\Project-3\src\test\resources
2025-11-23 18:20:08,282 [Worker-19: Building workspace] WARN  o.e.m.c.i.embedder.EclipseLogger - Using platform encoding (Cp1252 actually) to copy filtered resources, i.e. build is platform dependent!
2025-11-23 18:20:08,298 [Worker-19: Building workspace] INFO  o.e.m.c.i.embedder.EclipseLogger - Copying 12 resources
2025-11-23 18:20:08,302 [Worker-19: Building workspace] WARN  o.e.m.c.i.embedder.EclipseLogger - Using platform encoding (Cp1252 actually) to copy filtered resources, i.e. build is platform dependent!
2025-11-23 18:20:08,304 [Worker-19: Building workspace] INFO  o.e.m.c.i.embedder.EclipseLogger - skip non existing resourceDirectory D:\Project-3\Project-3\src\test\resources
2025-11-23 18:26:36,860 [Worker-24: Building workspace] WARN  o.e.m.c.i.embedder.EclipseLogger - Using platform encoding (Cp1252 actually) to copy filtered resources, i.e. build is platform dependent!
2025-11-23 18:26:36,860 [Worker-24: Building workspace] INFO  o.e.m.c.i.embedder.EclipseLogger - Copying 12 resources
2025-11-23 18:26:36,873 [Worker-24: Building workspace] WARN  o.e.m.c.i.embedder.EclipseLogger - Using platform encoding (Cp1252 actually) to copy filtered resources, i.e. build is platform dependent!
2025-11-23 18:26:36,875 [Worker-24: Building workspace] INFO  o.e.m.c.i.embedder.EclipseLogger - skip non existing resourceDirectory D:\Project-3\Project-3\src\test\resources
2025-11-23 19:51:07,226 [Worker-41: Building workspace] WARN  o.e.m.c.i.embedder.EclipseLogger - Using platform encoding (Cp1252 actually) to copy filtered resources, i.e. build is platform dependent!
2025-11-23 19:51:07,229 [Worker-41: Building workspace] INFO  o.e.m.c.i.embedder.EclipseLogger - Copying 12 resources
2025-11-23 19:51:07,232 [Worker-41: Building workspace] WARN  o.e.m.c.i.embedder.EclipseLogger - Using platform encoding (Cp1252 actually) to copy filtered resources, i.e. build is platform dependent!
2025-11-23 19:51:07,234 [Worker-41: Building workspace] INFO  o.e.m.c.i.embedder.EclipseLogger - skip non existing resourceDirectory D:\Project-3\Project-3\src\test\resources
2025-11-23 19:52:13,567 [Worker-43: Building workspace] WARN  o.e.m.c.i.embedder.EclipseLogger - Using platform encoding (Cp1252 actually) to copy filtered resources, i.e. build is platform dependent!
2025-11-23 19:52:13,567 [Worker-43: Building workspace] INFO  o.e.m.c.i.embedder.EclipseLogger - Copying 12 resources
2025-11-23 19:52:13,567 [Worker-43: Building workspace] WARN  o.e.m.c.i.embedder.EclipseLogger - Using platform encoding (Cp1252 actually) to copy filtered resources, i.e. build is platform dependent!
2025-11-23 19:52:13,567 [Worker-43: Building workspace] INFO  o.e.m.c.i.embedder.EclipseLogger - skip non existing resourceDirectory D:\Project-3\Project-3\src\test\resources
2025-11-23 19:53:43,260 [Worker-39: Building workspace] WARN  o.e.m.c.i.embedder.EclipseLogger - Using platform encoding (Cp1252 actually) to copy filtered resources, i.e. build is platform dependent!
2025-11-23 19:53:43,260 [Worker-39: Building workspace] INFO  o.e.m.c.i.embedder.EclipseLogger - Copying 12 resources
2025-11-23 19:53:43,260 [Worker-39: Building workspace] WARN  o.e.m.c.i.embedder.EclipseLogger - Using platform encoding (Cp1252 actually) to copy filtered resources, i.e. build is platform dependent!
2025-11-23 19:53:43,267 [Worker-39: Building workspace] INFO  o.e.m.c.i.embedder.EclipseLogger - skip non existing resourceDirectory D:\Project-3\Project-3\src\test\resources
2025-11-23 20:03:52,059 [Worker-46: Building workspace] WARN  o.e.m.c.i.embedder.EclipseLogger - Using platform encoding (Cp1252 actually) to copy filtered resources, i.e. build is platform dependent!
2025-11-23 20:03:52,067 [Worker-46: Building workspace] INFO  o.e.m.c.i.embedder.EclipseLogger - Copying 12 resources
2025-11-23 20:03:52,070 [Worker-46: Building workspace] WARN  o.e.m.c.i.embedder.EclipseLogger - Using platform encoding (Cp1252 actually) to copy filtered resources, i.e. build is platform dependent!
2025-11-23 20:03:52,070 [Worker-46: Building workspace] INFO  o.e.m.c.i.embedder.EclipseLogger - skip non existing resourceDirectory D:\Project-3\Project-3\src\test\resources
2025-11-23 20:06:06,816 [Worker-48: Building workspace] WARN  o.e.m.c.i.embedder.EclipseLogger - Using platform encoding (Cp1252 actually) to copy filtered resources, i.e. build is platform dependent!
2025-11-23 20:06:06,816 [Worker-48: Building workspace] INFO  o.e.m.c.i.embedder.EclipseLogger - Copying 12 resources
2025-11-23 20:06:06,827 [Worker-48: Building workspace] WARN  o.e.m.c.i.embedder.EclipseLogger - Using platform encoding (Cp1252 actually) to copy filtered resources, i.e. build is platform dependent!
2025-11-23 20:06:06,829 [Worker-48: Building workspace] INFO  o.e.m.c.i.embedder.EclipseLogger - skip non existing resourceDirectory D:\Project-3\Project-3\src\test\resources
